order_id,order_date,buyer_id,product_id,quantity
71f4e50e-63c1-4d25-8b12-ee4c096e6f5c,2024-04-22,1,46,17
63651035-e594-40ef-bfac-3a49930dd807,2024-03-21,1,47,16
63651035-e594-40ef-bfac-3a49930dd807,2024-03-21,1,14,17
63651035-e594-40ef-bfac-3a49930dd807,2024-03-21,1,13,6
63651035-e594-40ef-bfac-3a49930dd807,2024-03-21,1,44,16
7e6f2a47-0201-4488-b48b-5d225648ac4c,2024-08-07,1,22,8
7e6f2a47-0201-4488-b48b-5d225648ac4c,2024-08-07,1,8,1
e7e2d8b6-0d23-4c33-b295-406948d52f41,2024-10-12,1,20,17
e7e2d8b6-0d23-4c33-b295-406948d52f41,2024-10-12,1,50,19
e7e2d8b6-0d23-4c33-b295-406948d52f41,2024-10-12,1,27,7
e7e2d8b6-0d23-4c33-b295-406948d52f41,2024-10-12,1,37,19
3f356c81-8ab3-4a81-86be-caa08fbf3a9e,2024-02-08,1,18,19
3f356c81-8ab3-4a81-86be-caa08fbf3a9e,2024-02-08,1,16,3
3f356c81-8ab3-4a81-86be-caa08fbf3a9e,2024-02-08,1,28,15
3f356c81-8ab3-4a81-86be-caa08fbf3a9e,2024-02-08,1,10,8
3f356c81-8ab3-4a81-86be-caa08fbf3a9e,2024-02-08,1,21,5
66873d5a-877a-4830-90a3-c35834d8a77b,2024-02-07,2,4,1
66873d5a-877a-4830-90a3-c35834d8a77b,2024-02-07,2,2,14
66873d5a-877a-4830-90a3-c35834d8a77b,2024-02-07,2,19,1
66873d5a-877a-4830-90a3-c35834d8a77b,2024-02-07,2,8,17
66873d5a-877a-4830-90a3-c35834d8a77b,2024-02-07,2,49,20
43666340-6cc2-4278-9b05-d2bc15b14d6b,2024-06-25,2,1,13
43666340-6cc2-4278-9b05-d2bc15b14d6b,2024-06-25,2,20,9
ef89c3dc-7e70-4c43-af6d-ae355c1cbaf9,2024-10-14,2,12,8
ef89c3dc-7e70-4c43-af6d-ae355c1cbaf9,2024-10-14,2,6,15
2be96ecc-8a64-4c31-a47e-86ecf03109ec,2025-01-26,2,2,12
2be96ecc-8a64-4c31-a47e-86ecf03109ec,2025-01-26,2,32,14
2be96ecc-8a64-4c31-a47e-86ecf03109ec,2025-01-26,2,8,6
2be96ecc-8a64-4c31-a47e-86ecf03109ec,2025-01-26,2,50,20
2be96ecc-8a64-4c31-a47e-86ecf03109ec,2025-01-26,2,44,9
c136b035-129b-48e0-8cec-c1a31ba8ed5b,2024-07-21,2,36,5
c7d8b86d-989e-414b-a543-2497a1463a5b,2024-06-27,3,30,18
1e23d1bd-8195-47c3-9955-b3d048f66f51,2024-11-14,3,49,3
1e23d1bd-8195-47c3-9955-b3d048f66f51,2024-11-14,3,34,19
dd86a589-3ed2-47a8-99e3-f74f3ef28e58,2024-11-20,3,44,5
dd86a589-3ed2-47a8-99e3-f74f3ef28e58,2024-11-20,3,50,11
6d090aa5-1b83-4823-82a8-11fca10910af,2024-02-09,3,25,8
6d090aa5-1b83-4823-82a8-11fca10910af,2024-02-09,3,28,16
ab66ea8e-1faa-4648-8814-46f9151047dd,2024-02-04,3,6,11
3b1c839d-fafd-4a1d-9d5a-e996486404fd,2025-01-21,4,37,10
3b1c839d-fafd-4a1d-9d5a-e996486404fd,2025-01-21,4,25,9
3b1c839d-fafd-4a1d-9d5a-e996486404fd,2025-01-21,4,6,10
3b1c839d-fafd-4a1d-9d5a-e996486404fd,2025-01-21,4,27,6
21181b12-b9de-4a47-9251-6ce6d86b7a15,2024-03-04,4,22,3
21181b12-b9de-4a47-9251-6ce6d86b7a15,2024-03-04,4,41,16
21181b12-b9de-4a47-9251-6ce6d86b7a15,2024-03-04,4,32,11
21181b12-b9de-4a47-9251-6ce6d86b7a15,2024-03-04,4,9,3
21181b12-b9de-4a47-9251-6ce6d86b7a15,2024-03-04,4,37,13
5fa9c7bf-8667-4d63-969e-9a3badaee00a,2024-02-12,5,18,11
5fa9c7bf-8667-4d63-969e-9a3badaee00a,2024-02-12,5,49,1
5fa9c7bf-8667-4d63-969e-9a3badaee00a,2024-02-12,5,30,20
0fa0dde5-6b5f-4991-896a-51a11cfc284d,2024-07-28,5,1,19
711b7c37-ea16-4438-9cb1-6b900af60a71,2024-07-12,5,13,16
711b7c37-ea16-4438-9cb1-6b900af60a71,2024-07-12,5,23,15
85f6da81-9220-480d-9887-5fa733962d47,2024-05-26,6,3,18
85f6da81-9220-480d-9887-5fa733962d47,2024-05-26,6,39,7
85f6da81-9220-480d-9887-5fa733962d47,2024-05-26,6,45,15
85f6da81-9220-480d-9887-5fa733962d47,2024-05-26,6,1,19
85f6da81-9220-480d-9887-5fa733962d47,2024-05-26,6,50,15
1b81c075-423c-4c3f-97f2-db0cb069ff92,2024-03-14,7,37,13
1b81c075-423c-4c3f-97f2-db0cb069ff92,2024-03-14,7,42,11
1b81c075-423c-4c3f-97f2-db0cb069ff92,2024-03-14,7,34,8
1830f9a6-e724-4c6e-9358-d91dfc3ec622,2024-12-30,7,31,8
1830f9a6-e724-4c6e-9358-d91dfc3ec622,2024-12-30,7,16,6
de1fb520-4de6-43bd-ad81-3b749cc88c6f,2024-04-14,7,2,19
d83d2784-ccdf-420e-a9db-0f7d5ed2c007,2024-08-09,7,24,11
d83d2784-ccdf-420e-a9db-0f7d5ed2c007,2024-08-09,7,10,5
d83d2784-ccdf-420e-a9db-0f7d5ed2c007,2024-08-09,7,14,1
d83d2784-ccdf-420e-a9db-0f7d5ed2c007,2024-08-09,7,3,12
eb68e0eb-38e4-4a69-af13-71bdb5d0779c,2024-06-04,7,21,20
90c02a9f-6102-4047-b229-d599a3cd90db,2024-10-06,7,15,16
90c02a9f-6102-4047-b229-d599a3cd90db,2024-10-06,7,6,1
90c02a9f-6102-4047-b229-d599a3cd90db,2024-10-06,7,26,8
1632dd4f-7dc4-460c-a614-799eb4d4b977,2024-07-23,7,42,4
1632dd4f-7dc4-460c-a614-799eb4d4b977,2024-07-23,7,46,12
0189dce8-2fd8-41fb-92ba-a827079ad15e,2024-10-14,8,22,1
0189dce8-2fd8-41fb-92ba-a827079ad15e,2024-10-14,8,35,8
53d849c8-b34c-4298-a211-d1fb2903f838,2024-12-15,9,18,10
b8ee8122-9293-4bb3-80c4-aab747e32c86,2024-10-28,9,44,8
b8ee8122-9293-4bb3-80c4-aab747e32c86,2024-10-28,9,37,3
b8ee8122-9293-4bb3-80c4-aab747e32c86,2024-10-28,9,42,4
2072ceb7-e2d8-4885-91b1-de0ddcbae9f6,2024-05-17,9,25,15
2072ceb7-e2d8-4885-91b1-de0ddcbae9f6,2024-05-17,9,45,15
25d06eb3-d921-4229-94be-18582d407645,2024-05-06,9,38,7
25d06eb3-d921-4229-94be-18582d407645,2024-05-06,9,43,9
a3b700e9-2535-4d54-b101-d43b84b93ee0,2024-12-03,9,35,14
a3b700e9-2535-4d54-b101-d43b84b93ee0,2024-12-03,9,10,19
c89964a9-bf76-487d-9bde-2689ce2f413b,2024-12-24,10,13,17
c89964a9-bf76-487d-9bde-2689ce2f413b,2024-12-24,10,9,12
c89964a9-bf76-487d-9bde-2689ce2f413b,2024-12-24,10,47,12
c89964a9-bf76-487d-9bde-2689ce2f413b,2024-12-24,10,36,4
85a373cf-a857-464e-b513-c9bcd8e947ea,2024-06-29,10,45,6
85a373cf-a857-464e-b513-c9bcd8e947ea,2024-06-29,10,29,8
4e3fbdee-866c-4d0d-bd88-44dbafb6d30c,2024-08-09,10,27,10
4e3fbdee-866c-4d0d-bd88-44dbafb6d30c,2024-08-09,10,6,12
4e3fbdee-866c-4d0d-bd88-44dbafb6d30c,2024-08-09,10,7,3
134766e6-65f3-4731-a1c2-97e6fd989b38,2024-11-13,10,8,18
134766e6-65f3-4731-a1c2-97e6fd989b38,2024-11-13,10,49,3
134766e6-65f3-4731-a1c2-97e6fd989b38,2024-11-13,10,44,2
134766e6-65f3-4731-a1c2-97e6fd989b38,2024-11-13,10,48,8
bdb49b57-124a-4f8f-a36d-55fe5c32268e,2025-01-18,10,39,6
0642cde2-86e7-44cc-9239-e31832281236,2024-02-10,10,19,2
0642cde2-86e7-44cc-9239-e31832281236,2024-02-10,10,7,15
0642cde2-86e7-44cc-9239-e31832281236,2024-02-10,10,41,7
0642cde2-86e7-44cc-9239-e31832281236,2024-02-10,10,38,11
487dd502-58ea-4777-b616-e848e46e27f1,2024-07-06,10,50,11
487dd502-58ea-4777-b616-e848e46e27f1,2024-07-06,10,11,11
487dd502-58ea-4777-b616-e848e46e27f1,2024-07-06,10,39,13
487dd502-58ea-4777-b616-e848e46e27f1,2024-07-06,10,46,13
d6f6dd5f-fe81-408f-bfcb-5cc5c819e6fd,2024-03-08,10,36,7
3325550b-9248-42b3-b068-ffff259cae95,2024-11-03,10,1,3
3325550b-9248-42b3-b068-ffff259cae95,2024-11-03,10,31,12
3325550b-9248-42b3-b068-ffff259cae95,2024-11-03,10,4,6
3325550b-9248-42b3-b068-ffff259cae95,2024-11-03,10,6,18
02719918-b398-41be-b802-de1a9d7cfb29,2024-09-13,11,14,10
02719918-b398-41be-b802-de1a9d7cfb29,2024-09-13,11,8,16
02719918-b398-41be-b802-de1a9d7cfb29,2024-09-13,11,13,10
02719918-b398-41be-b802-de1a9d7cfb29,2024-09-13,11,46,14
02719918-b398-41be-b802-de1a9d7cfb29,2024-09-13,11,38,17
7a67442c-1c40-4340-a831-d5eb87dd0d07,2024-10-30,11,3,5
7a67442c-1c40-4340-a831-d5eb87dd0d07,2024-10-30,11,40,18
7a67442c-1c40-4340-a831-d5eb87dd0d07,2024-10-30,11,48,12
7a67442c-1c40-4340-a831-d5eb87dd0d07,2024-10-30,11,43,20
e0257a26-a812-4a30-8aed-9b1799147756,2024-02-15,11,6,5
e0257a26-a812-4a30-8aed-9b1799147756,2024-02-15,11,22,15
e0257a26-a812-4a30-8aed-9b1799147756,2024-02-15,11,46,10
6eb9adb9-e81b-4013-adc0-6007d84cba19,2024-12-14,12,25,19
6eb9adb9-e81b-4013-adc0-6007d84cba19,2024-12-14,12,20,19
6eb9adb9-e81b-4013-adc0-6007d84cba19,2024-12-14,12,45,19
6eb9adb9-e81b-4013-adc0-6007d84cba19,2024-12-14,12,46,19
6eb9adb9-e81b-4013-adc0-6007d84cba19,2024-12-14,12,47,17
07957c9a-282e-4795-8d0c-2cc44ce7ae2c,2024-11-27,12,25,4
07957c9a-282e-4795-8d0c-2cc44ce7ae2c,2024-11-27,12,43,7
07957c9a-282e-4795-8d0c-2cc44ce7ae2c,2024-11-27,12,6,9
07957c9a-282e-4795-8d0c-2cc44ce7ae2c,2024-11-27,12,34,20
07957c9a-282e-4795-8d0c-2cc44ce7ae2c,2024-11-27,12,20,11
6aefc724-c0b9-4afc-8492-cdd343c0d63c,2024-08-16,12,35,3
6aefc724-c0b9-4afc-8492-cdd343c0d63c,2024-08-16,12,46,18
6aefc724-c0b9-4afc-8492-cdd343c0d63c,2024-08-16,12,8,17
6aefc724-c0b9-4afc-8492-cdd343c0d63c,2024-08-16,12,12,8
6aefc724-c0b9-4afc-8492-cdd343c0d63c,2024-08-16,12,3,8
87a38666-b9c2-422e-a226-fde2387ecc09,2024-09-19,12,17,18
87a38666-b9c2-422e-a226-fde2387ecc09,2024-09-19,12,41,10
87a38666-b9c2-422e-a226-fde2387ecc09,2024-09-19,12,33,1
87a38666-b9c2-422e-a226-fde2387ecc09,2024-09-19,12,29,18
3c4e6a67-8217-476e-8089-421662f14d49,2024-03-04,12,2,2
3c4e6a67-8217-476e-8089-421662f14d49,2024-03-04,12,9,3
3c4e6a67-8217-476e-8089-421662f14d49,2024-03-04,12,35,7
3c4e6a67-8217-476e-8089-421662f14d49,2024-03-04,12,6,18
3c4e6a67-8217-476e-8089-421662f14d49,2024-03-04,12,26,17
1d6550a6-67f0-4452-b322-ed36850a9078,2024-11-08,13,34,12
1d6550a6-67f0-4452-b322-ed36850a9078,2024-11-08,13,35,7
1d6550a6-67f0-4452-b322-ed36850a9078,2024-11-08,13,15,14
7a355436-b8f2-454c-9a64-428d9a9c808b,2024-08-20,13,47,18
7a355436-b8f2-454c-9a64-428d9a9c808b,2024-08-20,13,24,4
7a355436-b8f2-454c-9a64-428d9a9c808b,2024-08-20,13,33,15
7a355436-b8f2-454c-9a64-428d9a9c808b,2024-08-20,13,5,20
a2645d6c-aecd-4430-9556-e7ed912c409c,2024-02-13,13,3,14
a2645d6c-aecd-4430-9556-e7ed912c409c,2024-02-13,13,6,8
a2645d6c-aecd-4430-9556-e7ed912c409c,2024-02-13,13,45,9
a2645d6c-aecd-4430-9556-e7ed912c409c,2024-02-13,13,26,7
f7697034-a197-4275-a501-68eed5a6ba5f,2024-03-05,13,43,18
f7697034-a197-4275-a501-68eed5a6ba5f,2024-03-05,13,16,13
a6cb6772-83da-4e0b-900c-b4f4c3b6ee89,2024-10-10,13,37,5
a3e81f91-ff3f-47a8-8cd3-322d4587054a,2024-03-02,13,25,8
a3e81f91-ff3f-47a8-8cd3-322d4587054a,2024-03-02,13,32,1
a3e81f91-ff3f-47a8-8cd3-322d4587054a,2024-03-02,13,43,2
a3e81f91-ff3f-47a8-8cd3-322d4587054a,2024-03-02,13,46,6
a3e81f91-ff3f-47a8-8cd3-322d4587054a,2024-03-02,13,12,16
478a7268-bfd7-4d84-b6bf-2aface3bb594,2024-09-11,13,36,9
478a7268-bfd7-4d84-b6bf-2aface3bb594,2024-09-11,13,36,1
478a7268-bfd7-4d84-b6bf-2aface3bb594,2024-09-11,13,40,10
478a7268-bfd7-4d84-b6bf-2aface3bb594,2024-09-11,13,9,11
7e941b2a-169f-4d5b-b6aa-6ee1a16103b3,2024-09-17,13,43,14
7e941b2a-169f-4d5b-b6aa-6ee1a16103b3,2024-09-17,13,14,16
7e941b2a-169f-4d5b-b6aa-6ee1a16103b3,2024-09-17,13,11,11
7e941b2a-169f-4d5b-b6aa-6ee1a16103b3,2024-09-17,13,50,17
7e941b2a-169f-4d5b-b6aa-6ee1a16103b3,2024-09-17,13,42,1
eb49d3e8-9170-43ef-be85-799a6569ba6c,2024-07-09,13,13,20
eb49d3e8-9170-43ef-be85-799a6569ba6c,2024-07-09,13,49,1
eb49d3e8-9170-43ef-be85-799a6569ba6c,2024-07-09,13,10,17
eb49d3e8-9170-43ef-be85-799a6569ba6c,2024-07-09,13,15,20
eb49d3e8-9170-43ef-be85-799a6569ba6c,2024-07-09,13,18,19
2f4a3f0b-7221-41e4-af4b-73720a268dd7,2025-01-21,13,22,11
2f4a3f0b-7221-41e4-af4b-73720a268dd7,2025-01-21,13,8,6
2f4a3f0b-7221-41e4-af4b-73720a268dd7,2025-01-21,13,36,5
2f4a3f0b-7221-41e4-af4b-73720a268dd7,2025-01-21,13,22,6
2f4a3f0b-7221-41e4-af4b-73720a268dd7,2025-01-21,13,49,20
a8c4bbbf-c999-4bac-a8d7-08a4d9121867,2025-01-09,14,30,18
a8c4bbbf-c999-4bac-a8d7-08a4d9121867,2025-01-09,14,45,6
1316b13c-4e14-4131-afa1-393ffffbd605,2024-03-31,14,32,20
1316b13c-4e14-4131-afa1-393ffffbd605,2024-03-31,14,16,6
1316b13c-4e14-4131-afa1-393ffffbd605,2024-03-31,14,39,7
1316b13c-4e14-4131-afa1-393ffffbd605,2024-03-31,14,43,9
a04a544c-3165-430b-90ba-0f4af0e3ac5e,2024-10-13,14,17,9
a04a544c-3165-430b-90ba-0f4af0e3ac5e,2024-10-13,14,35,2
a04a544c-3165-430b-90ba-0f4af0e3ac5e,2024-10-13,14,23,8
a04a544c-3165-430b-90ba-0f4af0e3ac5e,2024-10-13,14,17,14
7cc7798d-a1f6-43bb-92e8-66a88cb017cb,2024-04-03,14,34,15
7cc7798d-a1f6-43bb-92e8-66a88cb017cb,2024-04-03,14,39,1
7cc7798d-a1f6-43bb-92e8-66a88cb017cb,2024-04-03,14,8,4
7cc7798d-a1f6-43bb-92e8-66a88cb017cb,2024-04-03,14,43,18
7cc7798d-a1f6-43bb-92e8-66a88cb017cb,2024-04-03,14,22,10
9b98d875-0b43-40c4-9188-27c3a42c94c7,2024-04-26,14,3,4
9b98d875-0b43-40c4-9188-27c3a42c94c7,2024-04-26,14,46,12
dbd35a54-247f-47b7-a798-b7b9463b4b53,2025-01-09,14,27,10
dbd35a54-247f-47b7-a798-b7b9463b4b53,2025-01-09,14,27,1
dbd35a54-247f-47b7-a798-b7b9463b4b53,2025-01-09,14,18,15
dbd35a54-247f-47b7-a798-b7b9463b4b53,2025-01-09,14,34,2
cd54184b-a144-4341-8686-e3793d946691,2024-11-20,14,42,6
cd54184b-a144-4341-8686-e3793d946691,2024-11-20,14,24,17
db758907-ae54-4f14-9e9e-5ab9e82b869d,2024-02-25,14,7,9
db758907-ae54-4f14-9e9e-5ab9e82b869d,2024-02-25,14,21,18
91666f22-1b38-452d-b419-6eda86282f5d,2024-06-22,15,17,17
91666f22-1b38-452d-b419-6eda86282f5d,2024-06-22,15,46,17
91666f22-1b38-452d-b419-6eda86282f5d,2024-06-22,15,50,6
ba3164cf-1c78-4099-b3d9-e0249d438e88,2024-10-06,15,46,19
174191d9-db1c-49bd-b52b-2b26fd9f3dc7,2024-07-25,15,1,13
174191d9-db1c-49bd-b52b-2b26fd9f3dc7,2024-07-25,15,1,13
27b0758d-0cb9-40ff-aff7-1d5a3b78f1e5,2025-01-17,15,15,8
27b0758d-0cb9-40ff-aff7-1d5a3b78f1e5,2025-01-17,15,30,1
69ff0cb3-1714-4b91-a656-0fac654b0c51,2025-01-10,15,35,6
4aa56adb-9d9d-4b47-b532-68e8bf80a34f,2024-04-07,16,35,19
4aa56adb-9d9d-4b47-b532-68e8bf80a34f,2024-04-07,16,9,12
4aa56adb-9d9d-4b47-b532-68e8bf80a34f,2024-04-07,16,44,9
4aa56adb-9d9d-4b47-b532-68e8bf80a34f,2024-04-07,16,6,7
4aa56adb-9d9d-4b47-b532-68e8bf80a34f,2024-04-07,16,40,11
bc69cbb6-cacf-4da7-aaad-e87944ff42dd,2025-01-10,16,33,16
bc69cbb6-cacf-4da7-aaad-e87944ff42dd,2025-01-10,16,18,12
bc69cbb6-cacf-4da7-aaad-e87944ff42dd,2025-01-10,16,6,10
bc69cbb6-cacf-4da7-aaad-e87944ff42dd,2025-01-10,16,27,9
bc69cbb6-cacf-4da7-aaad-e87944ff42dd,2025-01-10,16,41,7
3da33900-14db-43e7-98dd-635ba785e454,2025-01-20,16,2,12
3da33900-14db-43e7-98dd-635ba785e454,2025-01-20,16,30,17
3da33900-14db-43e7-98dd-635ba785e454,2025-01-20,16,46,2
1b328172-5613-4e5f-b1b9-d9b780e956fe,2024-05-21,16,24,18
df09b676-2744-4b6c-8bf8-dfbe35a366dc,2024-06-25,16,3,17
df09b676-2744-4b6c-8bf8-dfbe35a366dc,2024-06-25,16,43,13
df09b676-2744-4b6c-8bf8-dfbe35a366dc,2024-06-25,16,46,16
df09b676-2744-4b6c-8bf8-dfbe35a366dc,2024-06-25,16,14,4
df09b676-2744-4b6c-8bf8-dfbe35a366dc,2024-06-25,16,30,3
00711982-18e8-4ef5-a9ac-40b5c27d8fb2,2024-10-21,17,45,3
00711982-18e8-4ef5-a9ac-40b5c27d8fb2,2024-10-21,17,12,20
00711982-18e8-4ef5-a9ac-40b5c27d8fb2,2024-10-21,17,32,17
d704bf23-38e1-456f-a728-3ee40121c62a,2024-03-20,18,31,4
d704bf23-38e1-456f-a728-3ee40121c62a,2024-03-20,18,30,5
d704bf23-38e1-456f-a728-3ee40121c62a,2024-03-20,18,4,14
44ed387f-4352-45fc-9a4e-3bf4a2c992f7,2024-10-08,18,6,16
44ed387f-4352-45fc-9a4e-3bf4a2c992f7,2024-10-08,18,41,14
44ed387f-4352-45fc-9a4e-3bf4a2c992f7,2024-10-08,18,50,19
44ed387f-4352-45fc-9a4e-3bf4a2c992f7,2024-10-08,18,30,2
44ed387f-4352-45fc-9a4e-3bf4a2c992f7,2024-10-08,18,21,11
cf48c5e3-590e-4a74-9085-994fb0b3aedc,2024-05-01,18,47,8
cf48c5e3-590e-4a74-9085-994fb0b3aedc,2024-05-01,18,18,16
cf48c5e3-590e-4a74-9085-994fb0b3aedc,2024-05-01,18,1,9
cf48c5e3-590e-4a74-9085-994fb0b3aedc,2024-05-01,18,17,18
28066f0b-454c-4f33-a4e9-40b2b81185c4,2024-06-08,18,33,6
28066f0b-454c-4f33-a4e9-40b2b81185c4,2024-06-08,18,45,10
421c3f94-7772-457b-9177-9f33f29d4994,2024-09-23,18,39,20
421c3f94-7772-457b-9177-9f33f29d4994,2024-09-23,18,1,1
421c3f94-7772-457b-9177-9f33f29d4994,2024-09-23,18,37,18
6651d7f0-04ca-49d3-ba16-a7fda92bccc7,2024-10-28,18,33,19
6651d7f0-04ca-49d3-ba16-a7fda92bccc7,2024-10-28,18,8,19
6651d7f0-04ca-49d3-ba16-a7fda92bccc7,2024-10-28,18,1,16
6651d7f0-04ca-49d3-ba16-a7fda92bccc7,2024-10-28,18,4,4
6651d7f0-04ca-49d3-ba16-a7fda92bccc7,2024-10-28,18,11,7
885f9e35-1c21-437f-b9c1-5a53b5c0c0b5,2024-11-24,18,3,16
885f9e35-1c21-437f-b9c1-5a53b5c0c0b5,2024-11-24,18,3,1
885f9e35-1c21-437f-b9c1-5a53b5c0c0b5,2024-11-24,18,18,7
885f9e35-1c21-437f-b9c1-5a53b5c0c0b5,2024-11-24,18,40,3
885f9e35-1c21-437f-b9c1-5a53b5c0c0b5,2024-11-24,18,12,16
3996df8d-87b4-40f5-b476-aca0f0bb77cc,2024-03-03,18,6,6
3996df8d-87b4-40f5-b476-aca0f0bb77cc,2024-03-03,18,15,10
3996df8d-87b4-40f5-b476-aca0f0bb77cc,2024-03-03,18,10,2
3996df8d-87b4-40f5-b476-aca0f0bb77cc,2024-03-03,18,25,16
c8f24990-cb86-4990-92b0-6b685e5b5065,2024-07-04,19,2,8
31ef7e6f-4d24-40b2-adfb-5e3a1a4d7917,2025-01-16,19,27,16
31ef7e6f-4d24-40b2-adfb-5e3a1a4d7917,2025-01-16,19,7,13
31ef7e6f-4d24-40b2-adfb-5e3a1a4d7917,2025-01-16,19,2,18
31ef7e6f-4d24-40b2-adfb-5e3a1a4d7917,2025-01-16,19,1,17
19f2c143-2595-4680-ba8f-7f2aa3a5fb00,2024-06-10,19,21,2
19f2c143-2595-4680-ba8f-7f2aa3a5fb00,2024-06-10,19,11,11
19f2c143-2595-4680-ba8f-7f2aa3a5fb00,2024-06-10,19,45,13
65624223-6693-4874-90cc-1b3d19b931bb,2024-04-30,19,18,7
65624223-6693-4874-90cc-1b3d19b931bb,2024-04-30,19,3,6
4a5381c5-806f-4bfe-aebd-b2bf9f43ef30,2025-01-21,19,38,13
4a5381c5-806f-4bfe-aebd-b2bf9f43ef30,2025-01-21,19,8,7
4a5381c5-806f-4bfe-aebd-b2bf9f43ef30,2025-01-21,19,37,6
4a5381c5-806f-4bfe-aebd-b2bf9f43ef30,2025-01-21,19,4,8
4a5381c5-806f-4bfe-aebd-b2bf9f43ef30,2025-01-21,19,44,18
fe9655f9-add5-4fa5-a3ff-ef2e5e98bdef,2024-11-07,19,15,15
fe9655f9-add5-4fa5-a3ff-ef2e5e98bdef,2024-11-07,19,39,7
fe9655f9-add5-4fa5-a3ff-ef2e5e98bdef,2024-11-07,19,34,20
2d677d81-3c0c-46d0-8b08-e12b498e8cc4,2024-10-03,19,13,2
c99d0f1c-5051-449c-8bf9-0fc54c730297,2024-12-05,20,13,3
c99d0f1c-5051-449c-8bf9-0fc54c730297,2024-12-05,20,6,18
c99d0f1c-5051-449c-8bf9-0fc54c730297,2024-12-05,20,27,5
c99d0f1c-5051-449c-8bf9-0fc54c730297,2024-12-05,20,20,20
c99d0f1c-5051-449c-8bf9-0fc54c730297,2024-12-05,20,35,3
9704c82d-bc62-4eac-a535-459843b79a8f,2025-01-18,20,18,2
9704c82d-bc62-4eac-a535-459843b79a8f,2025-01-18,20,48,4
9704c82d-bc62-4eac-a535-459843b79a8f,2025-01-18,20,20,7
54077fa9-9219-432d-963b-dd0ea4427b5d,2024-10-06,20,10,10
54077fa9-9219-432d-963b-dd0ea4427b5d,2024-10-06,20,36,1
54077fa9-9219-432d-963b-dd0ea4427b5d,2024-10-06,20,34,5
e1913949-190d-47e5-80d5-2ea4fa19c51e,2025-01-02,20,43,18
e1913949-190d-47e5-80d5-2ea4fa19c51e,2025-01-02,20,3,7
e1913949-190d-47e5-80d5-2ea4fa19c51e,2025-01-02,20,14,3
e1913949-190d-47e5-80d5-2ea4fa19c51e,2025-01-02,20,1,17
f5389cea-fcd1-4726-950b-ac5d2695111c,2024-06-21,20,34,20
f5389cea-fcd1-4726-950b-ac5d2695111c,2024-06-21,20,13,19
f5389cea-fcd1-4726-950b-ac5d2695111c,2024-06-21,20,12,7
f5389cea-fcd1-4726-950b-ac5d2695111c,2024-06-21,20,37,5
db4e0b4e-903a-4145-8293-9ff679feafcb,2024-10-08,20,48,15
db4e0b4e-903a-4145-8293-9ff679feafcb,2024-10-08,20,30,18
d9ee0c7a-18a3-4339-8947-3a6be56894be,2025-01-09,20,13,1
d9ee0c7a-18a3-4339-8947-3a6be56894be,2025-01-09,20,27,12
d9ee0c7a-18a3-4339-8947-3a6be56894be,2025-01-09,20,49,6
040e4833-cb75-4d46-a9fe-777b336758e9,2024-09-03,21,28,13
040e4833-cb75-4d46-a9fe-777b336758e9,2024-09-03,21,29,2
90c91311-4b1b-4a67-b9d2-2e84b5ae5afb,2024-09-21,21,49,17
90c91311-4b1b-4a67-b9d2-2e84b5ae5afb,2024-09-21,21,27,7
90c91311-4b1b-4a67-b9d2-2e84b5ae5afb,2024-09-21,21,45,10
90c91311-4b1b-4a67-b9d2-2e84b5ae5afb,2024-09-21,21,6,12
90c91311-4b1b-4a67-b9d2-2e84b5ae5afb,2024-09-21,21,10,4
06e96012-5486-44ee-8b1c-32f19a8f29d9,2024-04-26,21,39,6
06e96012-5486-44ee-8b1c-32f19a8f29d9,2024-04-26,21,9,8
e876088d-40cf-494e-a814-19399695006c,2024-09-01,22,42,20
ba98a3b4-e580-41e2-8d80-745a952f2bb9,2024-07-18,22,48,7
ba98a3b4-e580-41e2-8d80-745a952f2bb9,2024-07-18,22,25,1
ba98a3b4-e580-41e2-8d80-745a952f2bb9,2024-07-18,22,40,8
ba98a3b4-e580-41e2-8d80-745a952f2bb9,2024-07-18,22,48,6
b40efee4-31c2-43bb-acd4-742f87bfb276,2024-07-07,22,14,18
96c77175-3f70-4b37-8edd-7e501be4215c,2024-03-06,23,19,6
96c77175-3f70-4b37-8edd-7e501be4215c,2024-03-06,23,11,1
96c77175-3f70-4b37-8edd-7e501be4215c,2024-03-06,23,32,12
96c77175-3f70-4b37-8edd-7e501be4215c,2024-03-06,23,46,17
99e9a9b5-ec76-44d0-b17c-9731f57377f9,2024-08-03,23,16,5
99e9a9b5-ec76-44d0-b17c-9731f57377f9,2024-08-03,23,47,7
99e9a9b5-ec76-44d0-b17c-9731f57377f9,2024-08-03,23,4,12
99e9a9b5-ec76-44d0-b17c-9731f57377f9,2024-08-03,23,36,18
99e9a9b5-ec76-44d0-b17c-9731f57377f9,2024-08-03,23,30,13
bfd98991-2a3a-4c08-a540-8f26156f289c,2024-02-14,23,15,13
069000ac-6836-4bd7-adae-91afe53ae7ae,2024-02-25,23,37,16
4b89793c-2981-4209-98b9-f87475039e86,2024-10-22,23,43,16
4b89793c-2981-4209-98b9-f87475039e86,2024-10-22,23,26,15
4b89793c-2981-4209-98b9-f87475039e86,2024-10-22,23,6,18
4b89793c-2981-4209-98b9-f87475039e86,2024-10-22,23,6,12
4b89793c-2981-4209-98b9-f87475039e86,2024-10-22,23,2,19
f8a2a4a1-aa47-45bd-81aa-327d5ecd0db4,2024-06-23,23,44,6
f8a2a4a1-aa47-45bd-81aa-327d5ecd0db4,2024-06-23,23,16,12
a41e6607-83b8-4704-bff4-ed00a352a635,2024-05-02,23,7,14
a41e6607-83b8-4704-bff4-ed00a352a635,2024-05-02,23,9,13
a41e6607-83b8-4704-bff4-ed00a352a635,2024-05-02,23,31,1
a41e6607-83b8-4704-bff4-ed00a352a635,2024-05-02,23,17,20
a41e6607-83b8-4704-bff4-ed00a352a635,2024-05-02,23,1,10
c26b1ff5-3944-4158-9df1-3856a9b1a91a,2024-12-22,23,16,6
c26b1ff5-3944-4158-9df1-3856a9b1a91a,2024-12-22,23,16,12
89f570b3-53b9-4244-8f7f-374e618d5e5d,2025-01-27,23,28,8
89f570b3-53b9-4244-8f7f-374e618d5e5d,2025-01-27,23,33,6
89f570b3-53b9-4244-8f7f-374e618d5e5d,2025-01-27,23,25,5
89f570b3-53b9-4244-8f7f-374e618d5e5d,2025-01-27,23,27,2
89f570b3-53b9-4244-8f7f-374e618d5e5d,2025-01-27,23,20,10
441b11ca-27a3-4585-982f-86e8b29ff563,2024-10-10,23,25,12
e8b64ced-739c-45e7-b592-922c5de4ae43,2024-10-05,24,45,8
e8b64ced-739c-45e7-b592-922c5de4ae43,2024-10-05,24,18,4
a93f9035-8d1f-4589-8073-bbd2e8413616,2024-04-24,24,11,5
a93f9035-8d1f-4589-8073-bbd2e8413616,2024-04-24,24,21,1
a93f9035-8d1f-4589-8073-bbd2e8413616,2024-04-24,24,40,5
0b98814a-5c9e-46ce-821a-db9ba721f355,2024-02-13,24,34,16
cacf15d0-fa85-4292-83ac-31b1eb54e949,2024-03-05,25,50,18
cacf15d0-fa85-4292-83ac-31b1eb54e949,2024-03-05,25,12,8
cacf15d0-fa85-4292-83ac-31b1eb54e949,2024-03-05,25,14,7
56549ba8-2a1f-4608-b430-10fe34e4f103,2024-09-05,25,6,2
56549ba8-2a1f-4608-b430-10fe34e4f103,2024-09-05,25,35,15
56549ba8-2a1f-4608-b430-10fe34e4f103,2024-09-05,25,47,3
89a99940-8bea-4144-82bd-afa5ef158080,2025-01-06,25,38,13
89a99940-8bea-4144-82bd-afa5ef158080,2025-01-06,25,6,18
89a99940-8bea-4144-82bd-afa5ef158080,2025-01-06,25,14,7
89a99940-8bea-4144-82bd-afa5ef158080,2025-01-06,25,28,11
89a99940-8bea-4144-82bd-afa5ef158080,2025-01-06,25,49,18
6a6ee8a2-c9fc-4483-80ca-cbcd49afbd85,2024-05-11,25,2,1
6a6ee8a2-c9fc-4483-80ca-cbcd49afbd85,2024-05-11,25,37,4
6a6ee8a2-c9fc-4483-80ca-cbcd49afbd85,2024-05-11,25,38,10
824e34be-24e0-4ffc-934e-6dd1633677dc,2024-10-25,25,32,1
824e34be-24e0-4ffc-934e-6dd1633677dc,2024-10-25,25,28,9
824e34be-24e0-4ffc-934e-6dd1633677dc,2024-10-25,25,21,1
824e34be-24e0-4ffc-934e-6dd1633677dc,2024-10-25,25,11,15
55d405bf-1688-4f5c-a42f-25cc87c4d378,2024-11-27,25,4,16
55d405bf-1688-4f5c-a42f-25cc87c4d378,2024-11-27,25,40,16
55d405bf-1688-4f5c-a42f-25cc87c4d378,2024-11-27,25,31,7
55d405bf-1688-4f5c-a42f-25cc87c4d378,2024-11-27,25,43,2
55d405bf-1688-4f5c-a42f-25cc87c4d378,2024-11-27,25,18,15
a4c8a70a-e009-4ecb-8f75-2131fc1a7606,2024-07-09,25,10,3
a4c8a70a-e009-4ecb-8f75-2131fc1a7606,2024-07-09,25,41,5
a4c8a70a-e009-4ecb-8f75-2131fc1a7606,2024-07-09,25,21,11
27b8cf91-5ec6-4394-85d3-b8cb4b6abbf4,2025-01-22,25,22,14
27b8cf91-5ec6-4394-85d3-b8cb4b6abbf4,2025-01-22,25,32,14
27b8cf91-5ec6-4394-85d3-b8cb4b6abbf4,2023-01-04,25,14,6
066a09ab-6c1f-4531-8b71-23c6f6d82865,2023-02-15,25,4,20
edf494ef-3206-4eaa-a352-88f06ac5af6d,2023-03-28,25,19,13
edf494ef-3206-4eaa-a352-88f06ac5af6d,2023-04-07,25,38,20
edf494ef-3206-4eaa-a352-88f06ac5af6d,2023-05-19,25,14,11
f4385cf9-55db-4181-890d-62e2112ba90f,2023-06-10,26,11,17
0fde0285-10a4-40c1-a682-a26a82e9731a,2023-07-22,26,30,20
0fde0285-10a4-40c1-a682-a26a82e9731a,2023-08-03,26,3,5
0fde0285-10a4-40c1-a682-a26a82e9731a,2023-09-14,26,13,19
50986f59-d157-47ae-a7b9-fea3b0b93900,2023-10-26,26,9,10
6809ee2e-5e1e-4981-8e8e-3055c1156fb7,2023-11-05,27,50,6
6809ee2e-5e1e-4981-8e8e-3055c1156fb7,2023-12-17,27,35,3
6809ee2e-5e1e-4981-8e8e-3055c1156fb7,2023-01-29,27,49,18
6f454602-2bb1-42ad-86be-9d59e5bb4ffd,2023-02-07,27,30,7
6f454602-2bb1-42ad-86be-9d59e5bb4ffd,2023-03-18,27,36,12
6f454602-2bb1-42ad-86be-9d59e5bb4ffd,2023-04-29,27,46,7
6f454602-2bb1-42ad-86be-9d59e5bb4ffd,2023-05-09,27,32,6
6eb884e3-29a6-452f-a97d-e28110d09661,2023-06-21,28,5,5
6eb884e3-29a6-452f-a97d-e28110d09661,2023-07-01,28,16,4
6eb884e3-29a6-452f-a97d-e28110d09661,2023-08-13,28,7,20
cd67e81d-86be-43cd-a4db-883be3a4e4d2,2023-09-25,28,4,15
cd67e81d-86be-43cd-a4db-883be3a4e4d2,2023-10-06,28,41,5
cd67e81d-86be-43cd-a4db-883be3a4e4d2,2023-11-17,28,9,12
ce50780e-3383-4ddb-b255-565cac284b74,2023-12-28,28,15,19
ce50780e-3383-4ddb-b255-565cac284b74,2023-01-14,28,2,5
ce50780e-3383-4ddb-b255-565cac284b74,2023-02-25,28,15,18
ce50780e-3383-4ddb-b255-565cac284b74,2023-03-07,28,20,16
ce50780e-3383-4ddb-b255-565cac284b74,2023-04-18,28,39,13
93d4e60d-f27b-4229-a316-71fda2363403,2023-05-30,28,11,20
93d4e60d-f27b-4229-a316-71fda2363403,2023-06-11,28,22,9
6ca5deec-aad8-4694-aa3d-8ce5880d8b31,2023-07-23,29,14,1
6ca5deec-aad8-4694-aa3d-8ce5880d8b31,2023-08-04,29,1,4
6ca5deec-aad8-4694-aa3d-8ce5880d8b31,2023-09-15,29,35,18
6ca5deec-aad8-4694-aa3d-8ce5880d8b31,2023-10-27,29,48,16
508ed581-7704-4456-815f-43365167acf5,2023-11-08,29,46,4
508ed581-7704-4456-815f-43365167acf5,2023-12-19,29,45,14
508ed581-7704-4456-815f-43365167acf5,2023-01-02,29,6,12
508ed581-7704-4456-815f-43365167acf5,2023-02-13,29,20,11
508ed581-7704-4456-815f-43365167acf5,2023-03-24,29,32,15
b2357d41-47ea-4817-befa-b254a394dadc,2023-04-05,30,42,1
06ca61df-0d93-4bf3-90ce-8df5b46e5ddd,2023-05-17,30,13,4
f2616238-dae0-4a10-9e01-b572a8849b08,2023-06-29,30,46,11
f2616238-dae0-4a10-9e01-b572a8849b08,2023-07-09,30,22,6
f2616238-dae0-4a10-9e01-b572a8849b08,2023-08-21,30,7,8
f2616238-dae0-4a10-9e01-b572a8849b08,2023-09-02,30,15,11
f2616238-dae0-4a10-9e01-b572a8849b08,2023-10-14,30,35,7
1cfb68ec-8d46-4a09-8cd6-80d979495cbe,2023-11-25,30,38,7
1cfb68ec-8d46-4a09-8cd6-80d979495cbe,2023-12-06,30,3,11
1cfb68ec-8d46-4a09-8cd6-80d979495cbe,2023-01-18,30,20,20
0f70c661-e915-452a-a3bb-a619f46fc4aa,2023-02-01,31,2,6
0f70c661-e915-452a-a3bb-a619f46fc4aa,2023-03-12,31,48,6
0f70c661-e915-452a-a3bb-a619f46fc4aa,2023-04-23,31,40,14
0f70c661-e915-452a-a3bb-a619f46fc4aa,2023-05-04,31,25,3
b9da41c2-9330-415b-9a2d-6bd9761846f0,2023-06-15,31,2,7
b9da41c2-9330-415b-9a2d-6bd9761846f0,2023-07-27,31,34,9
c2980db2-e1a4-409c-bd6d-e417f3f04f0a,2023-08-08,32,48,12
c2980db2-e1a4-409c-bd6d-e417f3f04f0a,2023-09-19,32,46,8
c2980db2-e1a4-409c-bd6d-e417f3f04f0a,2023-10-31,32,17,13
c2980db2-e1a4-409c-bd6d-e417f3f04f0a,2023-11-11,32,5,8
2718802f-c111-4463-bd5e-9b4c957d9a23,2023-12-22,32,45,6
2718802f-c111-4463-bd5e-9b4c957d9a23,2023-01-06,32,7,13
2718802f-c111-4463-bd5e-9b4c957d9a23,2023-02-17,32,4,13
7452d478-e617-442e-a3cf-28f9bede4d8b,2023-03-29,32,42,20
7452d478-e617-442e-a3cf-28f9bede4d8b,2023-04-10,32,26,18
7452d478-e617-442e-a3cf-28f9bede4d8b,2023-05-22,32,15,4
7452d478-e617-442e-a3cf-28f9bede4d8b,2023-06-03,32,6,18
7452d478-e617-442e-a3cf-28f9bede4d8b,2023-07-15,32,23,2
a8bd4407-f7d4-4327-a045-8a549c593352,2023-08-26,32,47,1
a8bd4407-f7d4-4327-a045-8a549c593352,2023-09-07,32,10,8
8e0e5935-a85a-4bc9-aee7-012f3aad4476,2023-10-19,32,46,7
8e0e5935-a85a-4bc9-aee7-012f3aad4476,2023-11-30,32,11,15
8e0e5935-a85a-4bc9-aee7-012f3aad4476,2023-12-11,32,1,15
8e0e5935-a85a-4bc9-aee7-012f3aad4476,2023-01-23,32,47,8
8e0e5935-a85a-4bc9-aee7-012f3aad4476,2023-02-04,32,3,3
a1b81bc2-c76e-4f23-a9a7-a760272b42f8,2023-03-16,32,42,18
a1b81bc2-c76e-4f23-a9a7-a760272b42f8,2023-04-27,32,4,20
b3a00f41-aa22-4763-83fd-b8114df42b7d,2023-05-08,32,38,5
7ee1375c-3ea4-4048-9836-1ea7f87f6701,2023-06-20,32,47,5
7ee1375c-3ea4-4048-9836-1ea7f87f6701,2023-07-31,32,15,13
7ee1375c-3ea4-4048-9836-1ea7f87f6701,2023-08-12,32,5,14
7ee1375c-3ea4-4048-9836-1ea7f87f6701,2023-09-23,32,8,10
56115a39-cb4f-41b8-b93c-77c503dced54,2023-10-04,32,14,19
56115a39-cb4f-41b8-b93c-77c503dced54,2023-11-15,32,48,9
56115a39-cb4f-41b8-b93c-77c503dced54,2023-12-26,32,34,11
56115a39-cb4f-41b8-b93c-77c503dced54,2023-01-10,32,8,16
56115a39-cb4f-41b8-b93c-77c503dced54,2023-02-21,32,45,15
bdadd713-9186-4f58-96cc-d63e7041826b,2023-03-03,33,37,11
bdadd713-9186-4f58-96cc-d63e7041826b,2023-04-14,33,32,4
bdadd713-9186-4f58-96cc-d63e7041826b,2023-05-25,33,34,2
bdadd713-9186-4f58-96cc-d63e7041826b,2023-06-06,33,1,5
b017ffc1-af10-4400-bbf0-be7c08d569cc,2023-07-18,33,16,19
b017ffc1-af10-4400-bbf0-be7c08d569cc,2023-08-29,33,50,18
b017ffc1-af10-4400-bbf0-be7c08d569cc,2023-09-10,33,31,5
6a669c0a-a7bf-41c2-a17a-062cc6704414,2023-10-22,34,17,12
46e5991f-76ee-403b-8e1c-7f81152e8ae9,2023-11-02,34,25,15
46e5991f-76ee-403b-8e1c-7f81152e8ae9,2023-12-14,34,35,20
46e5991f-76ee-403b-8e1c-7f81152e8ae9,2025-01-19,34,1,13
46e5991f-76ee-403b-8e1c-7f81152e8ae9,2025-01-19,34,29,2
46e5991f-76ee-403b-8e1c-7f81152e8ae9,2025-01-19,34,16,6
3dc714d3-4394-4f0e-a5e3-e39dc1d1fa53,2025-01-24,34,33,11
3dc714d3-4394-4f0e-a5e3-e39dc1d1fa53,2025-01-24,34,50,16
3dc714d3-4394-4f0e-a5e3-e39dc1d1fa53,2025-01-24,34,1,10
ee88a591-190f-44e9-a621-96d1b025b50c,2024-07-18,34,41,12
ee88a591-190f-44e9-a621-96d1b025b50c,2024-07-18,34,47,15
ee88a591-190f-44e9-a621-96d1b025b50c,2024-07-18,34,4,11
ee88a591-190f-44e9-a621-96d1b025b50c,2024-07-18,34,34,8
ee88a591-190f-44e9-a621-96d1b025b50c,2024-07-18,34,25,9
b4c6668d-bf0f-4254-973b-f64ddf91fca4,2024-10-28,34,37,15
204f4860-2054-4b81-a852-a0dcb1e80803,2024-07-22,34,14,16
204f4860-2054-4b81-a852-a0dcb1e80803,2024-07-22,34,3,8
204f4860-2054-4b81-a852-a0dcb1e80803,2024-07-22,34,12,20
204f4860-2054-4b81-a852-a0dcb1e80803,2024-07-22,34,2,16
204f4860-2054-4b81-a852-a0dcb1e80803,2024-07-22,34,3,12
079b0a3f-79d2-4d06-a407-5a24a492d309,2024-06-08,34,5,4
079b0a3f-79d2-4d06-a407-5a24a492d309,2024-06-08,34,27,17
079b0a3f-79d2-4d06-a407-5a24a492d309,2024-06-08,34,11,16
079b0a3f-79d2-4d06-a407-5a24a492d309,2024-06-08,34,38,4
079b0a3f-79d2-4d06-a407-5a24a492d309,2024-06-08,34,30,4
fc443099-2a89-45e7-98a4-09d4438946a7,2024-02-07,34,22,1
fc443099-2a89-45e7-98a4-09d4438946a7,2024-02-07,34,49,5
d158e7e8-ba8a-4478-a858-aea78bcf9fab,2024-09-04,34,16,16
d158e7e8-ba8a-4478-a858-aea78bcf9fab,2024-09-04,34,24,15
d158e7e8-ba8a-4478-a858-aea78bcf9fab,2024-09-04,34,16,8
d158e7e8-ba8a-4478-a858-aea78bcf9fab,2024-09-04,34,40,5
d158e7e8-ba8a-4478-a858-aea78bcf9fab,2024-09-04,34,45,2
0cbb9990-d27e-4104-8491-1a7bb7618543,2024-02-29,34,44,11
0cbb9990-d27e-4104-8491-1a7bb7618543,2024-02-29,34,19,17
0cbb9990-d27e-4104-8491-1a7bb7618543,2024-02-29,34,40,13
0cbb9990-d27e-4104-8491-1a7bb7618543,2024-02-29,34,24,10
36b89dd7-f57d-4418-9563-f728e793e930,2024-07-08,35,43,17
36b89dd7-f57d-4418-9563-f728e793e930,2024-07-08,35,12,15
36b89dd7-f57d-4418-9563-f728e793e930,2024-07-08,35,34,12
00b3186b-33b3-4ef0-a080-4cb33f2b5da7,2024-03-19,35,1,13
00b3186b-33b3-4ef0-a080-4cb33f2b5da7,2024-03-19,35,30,10
00b3186b-33b3-4ef0-a080-4cb33f2b5da7,2024-03-19,35,33,18
00b3186b-33b3-4ef0-a080-4cb33f2b5da7,2024-03-19,35,26,19
00b3186b-33b3-4ef0-a080-4cb33f2b5da7,2024-03-19,35,14,11
aa619200-6584-43cf-b749-2c2453316fc2,2024-05-08,35,4,5
aa619200-6584-43cf-b749-2c2453316fc2,2024-05-08,35,12,10
aa619200-6584-43cf-b749-2c2453316fc2,2024-05-08,35,7,14
aa619200-6584-43cf-b749-2c2453316fc2,2024-05-08,35,10,11
075cb6dc-e295-47cf-baba-dca1b5c6cd15,2024-09-04,35,35,7
075cb6dc-e295-47cf-baba-dca1b5c6cd15,2024-09-04,35,25,8
6f1ced11-3e8a-4dcf-8ff5-fdddfddd6a4e,2024-12-26,35,39,15
6f1ced11-3e8a-4dcf-8ff5-fdddfddd6a4e,2024-12-26,35,42,19
8376aaf6-b30f-4649-b1f5-835d1a874899,2024-02-04,35,8,11
8376aaf6-b30f-4649-b1f5-835d1a874899,2024-02-04,35,26,11
8376aaf6-b30f-4649-b1f5-835d1a874899,2024-02-04,35,1,17
8376aaf6-b30f-4649-b1f5-835d1a874899,2024-02-04,35,43,16
8376aaf6-b30f-4649-b1f5-835d1a874899,2024-02-04,35,23,16
f361a4e5-b834-42c8-a495-af8fd71f5b63,2024-12-10,35,43,6
f361a4e5-b834-42c8-a495-af8fd71f5b63,2024-12-10,35,43,3
58385552-3a25-4e9e-93d8-c56797c01afa,2024-01-28,35,27,20
58385552-3a25-4e9e-93d8-c56797c01afa,2024-01-28,35,39,6
58385552-3a25-4e9e-93d8-c56797c01afa,2024-01-28,35,26,5
58385552-3a25-4e9e-93d8-c56797c01afa,2024-01-28,35,8,18
58385552-3a25-4e9e-93d8-c56797c01afa,2024-01-28,35,28,6
2007e3bb-f26c-4803-9e79-c6cdc37edf05,2024-06-25,35,10,4
2007e3bb-f26c-4803-9e79-c6cdc37edf05,2024-06-25,35,22,2
2007e3bb-f26c-4803-9e79-c6cdc37edf05,2024-06-25,35,13,17
2007e3bb-f26c-4803-9e79-c6cdc37edf05,2024-06-25,35,24,8
2007e3bb-f26c-4803-9e79-c6cdc37edf05,2024-06-25,35,32,15
52a8642a-7f31-48d7-8df1-2c6c78e378c6,2024-08-11,35,14,3
52a8642a-7f31-48d7-8df1-2c6c78e378c6,2024-08-11,35,10,16
52a8642a-7f31-48d7-8df1-2c6c78e378c6,2024-08-11,35,38,15
52a8642a-7f31-48d7-8df1-2c6c78e378c6,2024-08-11,35,9,14
52a8642a-7f31-48d7-8df1-2c6c78e378c6,2024-08-11,35,32,10
c292c93e-ffba-412d-b34d-3108e64d9b0a,2024-12-14,36,32,11
c292c93e-ffba-412d-b34d-3108e64d9b0a,2024-12-14,36,10,5
c292c93e-ffba-412d-b34d-3108e64d9b0a,2024-12-14,36,16,4
c292c93e-ffba-412d-b34d-3108e64d9b0a,2024-12-14,36,30,16
c292c93e-ffba-412d-b34d-3108e64d9b0a,2024-12-14,36,28,10
cd486c9e-b900-4cc7-8317-3523edf55bac,2025-01-12,36,10,5
cd486c9e-b900-4cc7-8317-3523edf55bac,2025-01-12,36,3,1
cd486c9e-b900-4cc7-8317-3523edf55bac,2025-01-12,36,29,9
cd486c9e-b900-4cc7-8317-3523edf55bac,2025-01-12,36,2,16
cd486c9e-b900-4cc7-8317-3523edf55bac,2025-01-12,36,32,2
5f7c25ac-0fc6-49af-a66a-3fc3b81ef558,2024-10-28,36,47,8
5f7c25ac-0fc6-49af-a66a-3fc3b81ef558,2024-10-28,36,11,1
5f7c25ac-0fc6-49af-a66a-3fc3b81ef558,2024-10-28,36,28,13
b4f0260c-67e2-41e5-8c8f-dc9f65bb508f,2024-05-29,36,46,12
a3e0cea5-33e1-4d08-b7f2-d59fef18c9d2,2024-04-17,36,38,3
a3e0cea5-33e1-4d08-b7f2-d59fef18c9d2,2024-04-17,36,47,20
d128552c-db71-4eb2-88a8-f5c1bbcca952,2024-10-24,36,3,10
d128552c-db71-4eb2-88a8-f5c1bbcca952,2024-10-24,36,22,16
a7f3ade3-2d8b-464b-ba36-9ef8f6bf4ae0,2024-03-27,36,47,4
a7f3ade3-2d8b-464b-ba36-9ef8f6bf4ae0,2024-03-27,36,26,12
a7f3ade3-2d8b-464b-ba36-9ef8f6bf4ae0,2024-03-27,36,19,14
a7f3ade3-2d8b-464b-ba36-9ef8f6bf4ae0,2024-03-27,36,48,17
ed03b62d-fc0c-4c1f-ae60-8588ec943a9e,2024-08-14,37,34,12
ed03b62d-fc0c-4c1f-ae60-8588ec943a9e,2024-08-14,37,49,10
ed03b62d-fc0c-4c1f-ae60-8588ec943a9e,2024-08-14,37,33,3
ed03b62d-fc0c-4c1f-ae60-8588ec943a9e,2024-08-14,37,18,7
11d3be2a-f31a-478d-b16e-c5cdfdc6371f,2024-11-28,37,16,14
11d3be2a-f31a-478d-b16e-c5cdfdc6371f,2024-11-28,37,9,17
11d3be2a-f31a-478d-b16e-c5cdfdc6371f,2024-11-28,37,42,4
6a96bdd4-f466-4437-92a8-ea3216718569,2024-04-13,37,43,10
6a96bdd4-f466-4437-92a8-ea3216718569,2024-04-13,37,49,20
cddd22b8-e6ad-423e-9081-1bc9481a8181,2024-05-12,37,26,6
73ab3c48-b256-4d79-b195-05902f2e21b6,2024-11-16,38,37,18
73ab3c48-b256-4d79-b195-05902f2e21b6,2024-11-16,38,36,14
73ab3c48-b256-4d79-b195-05902f2e21b6,2024-11-16,38,29,9
73ab3c48-b256-4d79-b195-05902f2e21b6,2024-11-16,38,29,18
f8581fbb-e520-426b-ad82-a2deea6e3b58,2025-01-07,38,6,2
f3dc4e82-633a-4d46-8063-054a61af2084,2024-09-09,38,46,13
f3dc4e82-633a-4d46-8063-054a61af2084,2024-09-09,38,47,11
f3dc4e82-633a-4d46-8063-054a61af2084,2024-09-09,38,27,12
78ad249f-b704-4091-a077-90f9a812d5c6,2024-06-05,38,5,1
78ad249f-b704-4091-a077-90f9a812d5c6,2024-06-05,38,24,2
7a5a7d5e-b804-4dde-90f1-cc026d3bc8a2,2024-09-30,38,10,10
7a5a7d5e-b804-4dde-90f1-cc026d3bc8a2,2024-09-30,38,4,1
7a5a7d5e-b804-4dde-90f1-cc026d3bc8a2,2024-09-30,38,24,8
7a5a7d5e-b804-4dde-90f1-cc026d3bc8a2,2024-09-30,38,17,11
3b66e47b-bb17-41bd-bdd9-4e2f6575ab46,2024-10-18,38,17,9
3b66e47b-bb17-41bd-bdd9-4e2f6575ab46,2024-10-18,38,36,1
3b66e47b-bb17-41bd-bdd9-4e2f6575ab46,2024-10-18,38,10,6
ebf911a5-aac8-4edb-9fcd-3beae29f8c92,2024-02-29,38,8,14
ebf911a5-aac8-4edb-9fcd-3beae29f8c92,2024-02-29,38,7,7
7194b425-b91a-4e2e-af55-803b92a9945a,2024-03-15,38,26,7
8f7cac84-782f-4cd6-aead-dbb7a43cc1f6,2024-02-15,39,48,1
8f7cac84-782f-4cd6-aead-dbb7a43cc1f6,2024-02-15,39,13,14
8f7cac84-782f-4cd6-aead-dbb7a43cc1f6,2024-02-15,39,22,15
8f7cac84-782f-4cd6-aead-dbb7a43cc1f6,2024-02-15,39,22,2
45d2e328-bae2-43c2-b71f-c39480c06388,2024-08-09,40,37,3
45d2e328-bae2-43c2-b71f-c39480c06388,2024-08-09,40,22,13
45d2e328-bae2-43c2-b71f-c39480c06388,2024-08-09,40,13,8
45d2e328-bae2-43c2-b71f-c39480c06388,2024-08-09,40,41,14
8d29b502-2af1-4f3f-a4aa-27aee72ee3e1,2024-08-10,40,8,2
8d29b502-2af1-4f3f-a4aa-27aee72ee3e1,2024-08-10,40,30,6
ff5e5f75-3adf-4faa-bc31-54bd134a9e0e,2024-09-07,40,45,6
ff5e5f75-3adf-4faa-bc31-54bd134a9e0e,2024-09-07,40,43,10
941bf389-0a14-4212-b114-f4e35064fca3,2024-05-31,40,36,14
941bf389-0a14-4212-b114-f4e35064fca3,2024-05-31,40,41,9
941bf389-0a14-4212-b114-f4e35064fca3,2024-05-31,40,40,14
941bf389-0a14-4212-b114-f4e35064fca3,2024-05-31,40,39,10
941bf389-0a14-4212-b114-f4e35064fca3,2024-05-31,40,11,7
4ea0ef36-62ca-4161-b1f0-c80940576245,2024-04-15,41,12,11
4ea0ef36-62ca-4161-b1f0-c80940576245,2024-04-15,41,4,2
4ea0ef36-62ca-4161-b1f0-c80940576245,2024-04-15,41,25,14
4ea0ef36-62ca-4161-b1f0-c80940576245,2024-04-15,41,3,7
4ea0ef36-62ca-4161-b1f0-c80940576245,2024-04-15,41,40,2
26c575b9-a30d-4c6a-9d7f-6659411d102a,2024-11-22,41,38,13
26c575b9-a30d-4c6a-9d7f-6659411d102a,2024-11-22,41,13,1
26c575b9-a30d-4c6a-9d7f-6659411d102a,2024-11-22,41,49,4
0392fb52-d153-4e8c-88bc-479eacd9e9e6,2024-10-12,41,11,4
0392fb52-d153-4e8c-88bc-479eacd9e9e6,2024-10-12,41,37,8
0392fb52-d153-4e8c-88bc-479eacd9e9e6,2024-10-12,41,17,2
0392fb52-d153-4e8c-88bc-479eacd9e9e6,2024-10-12,41,27,5
0392fb52-d153-4e8c-88bc-479eacd9e9e6,2024-10-12,41,31,18
066b6eff-e306-42ee-aa8e-60a8a2a086b2,2024-09-16,41,12,9
066b6eff-e306-42ee-aa8e-60a8a2a086b2,2024-09-16,41,10,16
9f9f59ba-9fd8-4df2-a792-d85e7ff07d86,2024-09-12,41,18,11
9f9f59ba-9fd8-4df2-a792-d85e7ff07d86,2024-09-12,41,41,8
9f9f59ba-9fd8-4df2-a792-d85e7ff07d86,2024-09-12,41,45,11
9f9f59ba-9fd8-4df2-a792-d85e7ff07d86,2024-09-12,41,22,8
3ee34eee-58fc-4876-a40b-06938a028e33,2024-02-18,41,37,14
3ee34eee-58fc-4876-a40b-06938a028e33,2024-02-18,41,33,6
3ee34eee-58fc-4876-a40b-06938a028e33,2024-02-18,41,15,13
3ee34eee-58fc-4876-a40b-06938a028e33,2024-02-18,41,38,7
3ee34eee-58fc-4876-a40b-06938a028e33,2024-02-18,41,22,18
94d509a6-92e7-4e1b-8baf-46ddac017afe,2024-06-20,42,28,16
94d509a6-92e7-4e1b-8baf-46ddac017afe,2024-06-20,42,23,5
94d509a6-92e7-4e1b-8baf-46ddac017afe,2024-06-20,42,48,9
94d509a6-92e7-4e1b-8baf-46ddac017afe,2024-06-20,42,6,15
0d5590ad-eec4-496a-adba-f060e865241a,2024-02-03,42,5,15
0d5590ad-eec4-496a-adba-f060e865241a,2024-02-03,42,13,12
0d5590ad-eec4-496a-adba-f060e865241a,2024-02-03,42,46,19
0d5590ad-eec4-496a-adba-f060e865241a,2024-02-03,42,42,1
6d8a27a5-0647-4387-903f-4d6545c7b444,2024-12-02,42,46,16
6d8a27a5-0647-4387-903f-4d6545c7b444,2024-12-02,42,12,9
6d8a27a5-0647-4387-903f-4d6545c7b444,2024-12-02,42,31,1
6d8a27a5-0647-4387-903f-4d6545c7b444,2024-12-02,42,29,3
6d8a27a5-0647-4387-903f-4d6545c7b444,2024-12-02,42,16,11
1e94c67d-8b7e-42a5-95ab-d83ff1102d15,2024-03-03,42,47,20
1e94c67d-8b7e-42a5-95ab-d83ff1102d15,2024-03-03,42,10,5
1e94c67d-8b7e-42a5-95ab-d83ff1102d15,2024-03-03,42,50,1
1e94c67d-8b7e-42a5-95ab-d83ff1102d15,2024-03-03,42,35,6
1e94c67d-8b7e-42a5-95ab-d83ff1102d15,2024-03-03,42,11,2
4e8fcd28-8d0d-4b0d-9b44-7ceb2fbcefc0,2024-02-18,42,10,15
4e8fcd28-8d0d-4b0d-9b44-7ceb2fbcefc0,2024-02-18,42,1,20
4e8fcd28-8d0d-4b0d-9b44-7ceb2fbcefc0,2024-02-18,42,42,16
59c3c029-ce0c-4529-ad9d-dd198b8c550e,2024-05-14,42,12,18
59c3c029-ce0c-4529-ad9d-dd198b8c550e,2024-05-14,42,42,9
59c3c029-ce0c-4529-ad9d-dd198b8c550e,2024-05-14,42,13,20
4eacd54d-5290-4771-a95c-47d19d07dc64,2024-12-03,43,21,12
3200628c-1429-41d3-8717-cc39246dcd11,2025-01-21,44,48,13
270a919b-3138-44fe-8bcf-3622819b399a,2024-08-24,44,8,15
6d8fcd1f-74dc-4846-9452-fe8e82bbcb11,2024-04-10,44,11,4
6d8fcd1f-74dc-4846-9452-fe8e82bbcb11,2024-04-10,44,8,18
6d8fcd1f-74dc-4846-9452-fe8e82bbcb11,2024-04-10,44,42,4
6d8fcd1f-74dc-4846-9452-fe8e82bbcb11,2024-04-10,44,5,3
6d8fcd1f-74dc-4846-9452-fe8e82bbcb11,2024-04-10,44,32,20
adbb6810-a693-4fc0-92d8-86654d8cfa0c,2024-02-09,44,1,12
b194a07a-97db-4467-aac1-baeb5458a46c,2024-07-12,44,8,8
b194a07a-97db-4467-aac1-baeb5458a46c,2024-07-12,44,8,7
b194a07a-97db-4467-aac1-baeb5458a46c,2024-07-12,44,45,15
b194a07a-97db-4467-aac1-baeb5458a46c,2024-07-12,44,20,7
b194a07a-97db-4467-aac1-baeb5458a46c,2024-07-12,44,9,2
f33fe103-962e-4e4b-8253-97378b32f85c,2024-11-22,45,5,17
f33fe103-962e-4e4b-8253-97378b32f85c,2024-11-22,45,6,2
f33fe103-962e-4e4b-8253-97378b32f85c,2024-11-22,45,3,6
f33fe103-962e-4e4b-8253-97378b32f85c,2024-11-22,45,36,20
f33fe103-962e-4e4b-8253-97378b32f85c,2024-11-22,45,47,3
a8f7e5a4-5e91-4015-985b-462fc649f89d,2024-02-01,45,15,9
a8f7e5a4-5e91-4015-985b-462fc649f89d,2024-02-01,45,29,3
a8f7e5a4-5e91-4015-985b-462fc649f89d,2024-02-01,45,2,17
a8f7e5a4-5e91-4015-985b-462fc649f89d,2024-02-01,45,37,15
2a1fb070-9275-4064-90b1-2f32f46db2b5,2024-04-19,45,1,2
2a1fb070-9275-4064-90b1-2f32f46db2b5,2024-04-19,45,11,1
2a1fb070-9275-4064-90b1-2f32f46db2b5,2024-04-19,45,32,18
2a1fb070-9275-4064-90b1-2f32f46db2b5,2024-04-19,45,36,17
2a1fb070-9275-4064-90b1-2f32f46db2b5,2024-04-19,45,49,12
f3fa7670-5d45-4936-b698-edea7accece8,2024-05-27,46,49,3
41c807fd-a6be-44fb-847a-b5c3c3a83dcb,2024-08-25,46,31,9
41c807fd-a6be-44fb-847a-b5c3c3a83dcb,2024-08-25,46,32,18
41c807fd-a6be-44fb-847a-b5c3c3a83dcb,2024-08-25,46,5,5
41c807fd-a6be-44fb-847a-b5c3c3a83dcb,2024-08-25,46,33,17
d1decf3b-ca3f-446a-93ee-49627b5e8f37,2025-01-06,46,40,14
d1decf3b-ca3f-446a-93ee-49627b5e8f37,2025-01-06,46,36,17
d1decf3b-ca3f-446a-93ee-49627b5e8f37,2025-01-06,46,14,15
d1decf3b-ca3f-446a-93ee-49627b5e8f37,2025-01-06,46,16,20
c9b51b49-7368-4d9e-abdb-cd7908e09d9c,2024-02-22,46,15,10
c9b51b49-7368-4d9e-abdb-cd7908e09d9c,2024-02-22,46,15,16
c9b51b49-7368-4d9e-abdb-cd7908e09d9c,2024-02-22,46,44,6
26f62c9b-31d7-4729-85c3-d24f4faacbcd,2024-05-13,46,13,8
26f62c9b-31d7-4729-85c3-d24f4faacbcd,2024-05-13,46,37,1
26f62c9b-31d7-4729-85c3-d24f4faacbcd,2024-05-13,46,47,8
26f62c9b-31d7-4729-85c3-d24f4faacbcd,2024-05-13,46,38,20
26f62c9b-31d7-4729-85c3-d24f4faacbcd,2024-05-13,46,1,10
eb3e20a6-4994-46d1-8b2b-0298e2ed01fb,2024-10-08,46,13,18
eb3e20a6-4994-46d1-8b2b-0298e2ed01fb,2024-10-08,46,29,6
eb3e20a6-4994-46d1-8b2b-0298e2ed01fb,2024-10-08,46,22,19
eb3e20a6-4994-46d1-8b2b-0298e2ed01fb,2024-10-08,46,30,14
8dd2a05b-867b-48ab-93a0-7e5e524bc070,2024-12-11,46,22,13
8dd2a05b-867b-48ab-93a0-7e5e524bc070,2024-12-11,46,47,16
8dd2a05b-867b-48ab-93a0-7e5e524bc070,2024-12-11,46,48,20
8dd2a05b-867b-48ab-93a0-7e5e524bc070,2024-12-11,46,11,3
e7d0b9dd-9929-4820-88db-fd6bdb8be160,2024-11-09,46,39,2
96d9dabf-c938-4a70-b5a4-b9aba488343c,2024-12-24,46,49,13
96d9dabf-c938-4a70-b5a4-b9aba488343c,2024-12-24,46,41,14
96d9dabf-c938-4a70-b5a4-b9aba488343c,2024-12-24,46,10,16
96d9dabf-c938-4a70-b5a4-b9aba488343c,2024-12-24,46,38,13
35f33504-6d38-4a28-adf2-d31f924024e5,2024-05-28,47,38,4
95eb455c-cc0e-4bcb-bfd1-7a6312317981,2024-07-29,48,24,3
95eb455c-cc0e-4bcb-bfd1-7a6312317981,2024-07-29,48,19,9
95eb455c-cc0e-4bcb-bfd1-7a6312317981,2024-07-29,48,41,19
95eb455c-cc0e-4bcb-bfd1-7a6312317981,2024-07-29,48,25,13
95eb455c-cc0e-4bcb-bfd1-7a6312317981,2024-07-29,48,25,2
bdf3cebe-b5da-4221-ab3f-859516a96143,2024-08-08,48,36,7
bdf3cebe-b5da-4221-ab3f-859516a96143,2024-08-08,48,40,14
bdf3cebe-b5da-4221-ab3f-859516a96143,2024-08-08,48,36,9
e398d2de-0792-42fa-b0f4-c0ede4057864,2024-07-08,48,2,3
e398d2de-0792-42fa-b0f4-c0ede4057864,2024-07-08,48,17,9
e398d2de-0792-42fa-b0f4-c0ede4057864,2024-07-08,48,18,13
e398d2de-0792-42fa-b0f4-c0ede4057864,2024-07-08,48,49,14
e398d2de-0792-42fa-b0f4-c0ede4057864,2024-07-08,48,34,11
290e15da-6c4c-45cb-b76a-436f0adbf7d7,2024-07-30,48,36,2
290e15da-6c4c-45cb-b76a-436f0adbf7d7,2024-07-30,48,3,3
290e15da-6c4c-45cb-b76a-436f0adbf7d7,2024-07-30,48,50,3
290e15da-6c4c-45cb-b76a-436f0adbf7d7,2024-07-30,48,7,13
7f80dce0-6a24-4be8-a79d-c46f0ec3afdf,2024-02-07,48,29,5
e342f16e-e96e-4edc-baca-f58b1cc9ca65,2024-10-26,48,24,17
e342f16e-e96e-4edc-baca-f58b1cc9ca65,2024-10-26,48,26,10
e342f16e-e96e-4edc-baca-f58b1cc9ca65,2024-10-26,48,41,1
dcee7f0d-b5f5-4e3e-bff6-16a0caaa45ea,2024-10-03,48,32,18
dcee7f0d-b5f5-4e3e-bff6-16a0caaa45ea,2024-10-03,48,35,8
dcee7f0d-b5f5-4e3e-bff6-16a0caaa45ea,2024-10-03,48,30,12
66317c4b-fbd2-4fcd-b57b-120dfe6d04dd,2024-05-22,48,25,20
66317c4b-fbd2-4fcd-b57b-120dfe6d04dd,2024-05-22,48,41,20
66317c4b-fbd2-4fcd-b57b-120dfe6d04dd,2024-05-22,48,41,1
66317c4b-fbd2-4fcd-b57b-120dfe6d04dd,2024-05-22,48,7,14
4543c5b8-8cfd-4468-870d-488610ff2bfc,2025-01-22,48,46,17
4543c5b8-8cfd-4468-870d-488610ff2bfc,2025-01-22,48,3,9
4543c5b8-8cfd-4468-870d-488610ff2bfc,2025-01-22,48,28,8
4543c5b8-8cfd-4468-870d-488610ff2bfc,2025-01-22,48,19,19
4543c5b8-8cfd-4468-870d-488610ff2bfc,2025-01-22,48,24,2
39551d99-0c1f-400b-9186-be252664bb85,2024-02-14,49,49,4
39551d99-0c1f-400b-9186-be252664bb85,2024-02-14,49,11,1
39551d99-0c1f-400b-9186-be252664bb85,2024-02-14,49,45,16
39551d99-0c1f-400b-9186-be252664bb85,2024-02-14,49,31,5
39551d99-0c1f-400b-9186-be252664bb85,2024-02-14,49,41,1
3415f8f0-c02a-48f9-85c9-1312407dee8d,2024-12-21,49,34,14
3415f8f0-c02a-48f9-85c9-1312407dee8d,2024-12-21,49,23,20
3415f8f0-c02a-48f9-85c9-1312407dee8d,2024-12-21,49,3,7
17c82039-715c-482c-9fa7-51735c2df3de,2024-11-09,49,5,3
17c82039-715c-482c-9fa7-51735c2df3de,2024-11-09,49,14,18
17c82039-715c-482c-9fa7-51735c2df3de,2024-11-09,49,4,4
17c82039-715c-482c-9fa7-51735c2df3de,2024-11-09,49,18,7
17c82039-715c-482c-9fa7-51735c2df3de,2024-11-09,49,24,17
804588f7-3547-47e6-aff5-29136b66c726,2024-09-19,49,21,17
804588f7-3547-47e6-aff5-29136b66c726,2024-09-19,49,14,20
804588f7-3547-47e6-aff5-29136b66c726,2024-09-19,49,1,1
804588f7-3547-47e6-aff5-29136b66c726,2024-09-19,49,46,12
c8cb2a94-79cc-497f-aafe-1b3ec4a9c79a,2024-10-11,49,18,4
c8cb2a94-79cc-497f-aafe-1b3ec4a9c79a,2024-10-11,49,23,16
279e11c8-52a3-4793-b7f1-1fe725d591ea,2024-11-14,49,37,3
279e11c8-52a3-4793-b7f1-1fe725d591ea,2024-11-14,49,2,18
2460f066-884b-4827-8c50-21eb58ae38c9,2024-09-30,49,11,16
2460f066-884b-4827-8c50-21eb58ae38c9,2024-09-30,49,44,16
2460f066-884b-4827-8c50-21eb58ae38c9,2024-09-30,49,8,12
2460f066-884b-4827-8c50-21eb58ae38c9,2024-09-30,49,42,7
439eec27-62ea-4dbc-817d-0e046c1150c4,2024-04-25,49,28,3
439eec27-62ea-4dbc-817d-0e046c1150c4,2024-04-25,49,34,9
a111ea38-09d6-4bb9-b63c-95dd2245e6eb,2024-04-10,49,16,13
a111ea38-09d6-4bb9-b63c-95dd2245e6eb,2024-04-10,49,3,9
a111ea38-09d6-4bb9-b63c-95dd2245e6eb,2024-04-10,49,39,8
a111ea38-09d6-4bb9-b63c-95dd2245e6eb,2024-04-10,49,15,13
a111ea38-09d6-4bb9-b63c-95dd2245e6eb,2024-04-10,49,2,5
9dc8fa3e-643e-48ad-9abe-8974f9f44964,2024-11-28,49,20,7
9dc8fa3e-643e-48ad-9abe-8974f9f44964,2024-11-28,49,9,20
9dc8fa3e-643e-48ad-9abe-8974f9f44964,2024-11-28,49,45,6
5b5ec138-ca3a-4570-bc87-79f64f74ded0,2024-04-30,50,44,4
5b5ec138-ca3a-4570-bc87-79f64f74ded0,2024-04-30,50,41,2
5b5ec138-ca3a-4570-bc87-79f64f74ded0,2024-04-30,50,33,4
5b5ec138-ca3a-4570-bc87-79f64f74ded0,2024-04-30,50,29,12
c7b21742-c3f0-4445-bcd0-797ad16bb0d9,2024-03-14,51,12,13
c7b21742-c3f0-4445-bcd0-797ad16bb0d9,2024-03-14,51,46,19
c7b21742-c3f0-4445-bcd0-797ad16bb0d9,2024-03-14,51,12,15
c7b21742-c3f0-4445-bcd0-797ad16bb0d9,2024-03-14,51,8,18
c7b21742-c3f0-4445-bcd0-797ad16bb0d9,2024-03-14,51,11,4
b6ba0c04-c298-4d73-aba0-6e2d855746eb,2024-04-08,51,24,2
b6ba0c04-c298-4d73-aba0-6e2d855746eb,2024-04-08,51,17,20
b6ba0c04-c298-4d73-aba0-6e2d855746eb,2024-04-08,51,38,10
67c7007a-13b2-4a72-816a-4ce95e2d2a32,2024-03-15,51,8,9
67c7007a-13b2-4a72-816a-4ce95e2d2a32,2024-03-15,51,26,18
c7985fd8-380c-4b07-89e7-606bed5b221e,2024-06-26,51,44,7
366001ef-422c-4be7-946d-17f0f88dcd96,2024-11-10,51,20,12
687128b6-d9da-43c7-817c-2d6cdf620dd4,2024-05-22,51,4,1
687128b6-d9da-43c7-817c-2d6cdf620dd4,2024-05-22,51,38,6
6b5743fd-c4a0-4716-942b-ea5d19448c42,2024-08-12,51,50,5
6b5743fd-c4a0-4716-942b-ea5d19448c42,2024-08-12,51,40,11
30d806e5-c320-43a4-bc82-6838d6315c71,2024-05-24,51,3,20
30d806e5-c320-43a4-bc82-6838d6315c71,2024-05-24,51,27,4
a5db73dc-5c04-4b31-8fc8-293087b2e489,2024-08-16,51,12,12
a5db73dc-5c04-4b31-8fc8-293087b2e489,2024-08-16,51,41,12
729ca19c-2b2e-4434-a5a9-c18721a286ac,2024-08-23,52,34,6
729ca19c-2b2e-4434-a5a9-c18721a286ac,2024-08-23,52,19,13
729ca19c-2b2e-4434-a5a9-c18721a286ac,2024-08-23,52,21,17
729ca19c-2b2e-4434-a5a9-c18721a286ac,2024-08-23,52,32,19
729ca19c-2b2e-4434-a5a9-c18721a286ac,2024-08-23,52,12,17
b02aa913-7f04-4b85-9ae9-81864bbc7d7b,2024-09-26,52,12,9
ebefe33b-3bdd-4e9d-b0e2-8591beeb5517,2024-11-15,52,12,14
ebefe33b-3bdd-4e9d-b0e2-8591beeb5517,2024-11-15,52,28,3
ebefe33b-3bdd-4e9d-b0e2-8591beeb5517,2024-11-15,52,42,16
af8bc8bf-75d3-49ce-bdb7-a06f1a785117,2024-02-04,52,41,5
af8bc8bf-75d3-49ce-bdb7-a06f1a785117,2024-02-04,52,14,18
af8bc8bf-75d3-49ce-bdb7-a06f1a785117,2024-02-04,52,25,10
af8bc8bf-75d3-49ce-bdb7-a06f1a785117,2024-02-04,52,19,14
97b00715-7a72-431c-9554-31f97b986e6f,2024-05-31,52,44,20
97b00715-7a72-431c-9554-31f97b986e6f,2024-05-31,52,38,12
97b00715-7a72-431c-9554-31f97b986e6f,2024-05-31,52,40,12
97b00715-7a72-431c-9554-31f97b986e6f,2024-05-31,52,8,5
7c8ebbc2-eb1b-4611-b748-9987de431c78,2024-08-12,52,43,18
f344e518-7ca0-4bf5-9577-d1ed65490769,2024-05-10,52,39,4
f344e518-7ca0-4bf5-9577-d1ed65490769,2024-05-10,52,47,7
8550060c-6eef-4ccd-bb6b-7c1db5af96bd,2024-08-19,53,37,5
8550060c-6eef-4ccd-bb6b-7c1db5af96bd,2024-08-19,53,36,6
8550060c-6eef-4ccd-bb6b-7c1db5af96bd,2024-08-19,53,27,12
8550060c-6eef-4ccd-bb6b-7c1db5af96bd,2024-08-19,53,48,9
8550060c-6eef-4ccd-bb6b-7c1db5af96bd,2024-08-19,53,12,1
98dab8b8-dded-4238-bae3-269e97b4fc07,2024-05-23,53,25,8
98dab8b8-dded-4238-bae3-269e97b4fc07,2024-05-23,53,5,13
3a6990a3-2d29-40f9-a679-212737bdc4fa,2024-04-12,53,27,19
3a6990a3-2d29-40f9-a679-212737bdc4fa,2024-04-12,53,36,18
3a6990a3-2d29-40f9-a679-212737bdc4fa,2024-04-12,53,16,8
3a6990a3-2d29-40f9-a679-212737bdc4fa,2024-04-12,53,13,7
45fec05d-eac5-4a15-99a9-91f06145febb,2024-12-11,53,23,12
45fec05d-eac5-4a15-99a9-91f06145febb,2024-12-11,53,40,16
3d50ae34-06f3-440c-8255-f0763e47e178,2024-12-31,53,25,10
3d50ae34-06f3-440c-8255-f0763e47e178,2024-12-31,53,36,16
3d50ae34-06f3-440c-8255-f0763e47e178,2024-12-31,53,3,6
3d50ae34-06f3-440c-8255-f0763e47e178,2024-12-31,53,38,2
3d50ae34-06f3-440c-8255-f0763e47e178,2024-12-31,53,28,8
8cea5a7c-48d4-4b6e-a7a7-156b499bdb88,2024-03-04,53,47,7
8cea5a7c-48d4-4b6e-a7a7-156b499bdb88,2024-03-04,53,21,7
8cea5a7c-48d4-4b6e-a7a7-156b499bdb88,2024-03-04,53,31,10
50ba298e-8456-4f0e-95ff-d722c85b89e3,2024-07-09,53,7,1
50ba298e-8456-4f0e-95ff-d722c85b89e3,2024-07-09,53,30,11
2da127c8-8592-46b5-b248-6812ec90a6bc,2024-06-24,53,32,6
2da127c8-8592-46b5-b248-6812ec90a6bc,2024-06-24,53,4,12
2da127c8-8592-46b5-b248-6812ec90a6bc,2024-06-24,53,32,20
2da127c8-8592-46b5-b248-6812ec90a6bc,2024-06-24,53,21,13
45c53839-3253-4b07-914a-b5a9afec22a6,2024-04-04,54,18,15
45c53839-3253-4b07-914a-b5a9afec22a6,2024-04-04,54,23,4
45c53839-3253-4b07-914a-b5a9afec22a6,2024-04-04,54,28,1
45c53839-3253-4b07-914a-b5a9afec22a6,2024-04-04,54,9,19
45c53839-3253-4b07-914a-b5a9afec22a6,2024-04-04,54,3,13
f149ad74-6039-4a72-b4da-85e3bda6e876,2024-12-02,54,23,13
f149ad74-6039-4a72-b4da-85e3bda6e876,2024-12-02,54,10,17
f149ad74-6039-4a72-b4da-85e3bda6e876,2024-12-02,54,26,7
77ed24de-4adc-40a4-ae54-228a04ad9b09,2024-12-09,54,8,16
77ed24de-4adc-40a4-ae54-228a04ad9b09,2024-12-09,54,2,2
49a0ecb0-76e1-4830-808a-228d8e870d14,2024-10-28,55,27,10
49a0ecb0-76e1-4830-808a-228d8e870d14,2024-10-28,55,37,7
0d014de5-431f-40fb-9ea8-a89960248411,2024-12-21,55,48,20
0d014de5-431f-40fb-9ea8-a89960248411,2024-12-21,55,34,4
0d014de5-431f-40fb-9ea8-a89960248411,2024-12-21,55,6,1
0d014de5-431f-40fb-9ea8-a89960248411,2024-12-21,55,11,8
0d014de5-431f-40fb-9ea8-a89960248411,2024-12-21,55,10,17
37a3348d-1a33-4504-b855-4d2ab59a149d,2024-05-20,55,34,19
d784f14d-4d5d-4665-a239-bd13ede89fe5,2024-05-05,55,3,16
d784f14d-4d5d-4665-a239-bd13ede89fe5,2024-05-05,55,3,4
b328b68d-8cee-4966-a1f0-796487c7116b,2024-08-07,56,7,16
b328b68d-8cee-4966-a1f0-796487c7116b,2024-08-07,56,46,17
76db9258-8781-40fb-b86b-e9a76e89f70c,2024-03-31,56,9,18
9d7188db-a74d-49e5-985f-a4e6531e5f69,2024-11-06,56,9,19
9d7188db-a74d-49e5-985f-a4e6531e5f69,2024-11-06,56,36,20
9d7188db-a74d-49e5-985f-a4e6531e5f69,2024-11-06,56,39,14
8f9f5282-0ced-4aa0-be9e-ffc9cdeb5493,2025-01-10,56,44,1
8f9f5282-0ced-4aa0-be9e-ffc9cdeb5493,2025-01-10,56,23,17
18147972-349a-42a2-aec1-b9c89b6b8f58,2024-10-09,56,48,11
18147972-349a-42a2-aec1-b9c89b6b8f58,2024-10-09,56,25,10
18147972-349a-42a2-aec1-b9c89b6b8f58,2024-10-09,56,5,4
18147972-349a-42a2-aec1-b9c89b6b8f58,2024-10-09,56,42,3
18147972-349a-42a2-aec1-b9c89b6b8f58,2024-10-09,56,49,1
0ea19a02-c179-45ce-ad5f-245f286f28b3,2024-07-03,56,38,9
0ea19a02-c179-45ce-ad5f-245f286f28b3,2024-07-03,56,6,17
f0fbb2a4-ed8a-45f3-b28f-5341f9773e21,2024-01-31,56,36,17
f0fbb2a4-ed8a-45f3-b28f-5341f9773e21,2024-01-31,56,17,19
f0fbb2a4-ed8a-45f3-b28f-5341f9773e21,2024-01-31,56,26,3
f0fbb2a4-ed8a-45f3-b28f-5341f9773e21,2024-01-31,56,47,15
e1b95cff-7fe3-436a-b648-700b1d32aa4c,2024-08-03,57,1,9
bd1f2d72-9bb9-4b71-8aca-13d3abc23fb8,2025-01-19,57,29,15
bd1f2d72-9bb9-4b71-8aca-13d3abc23fb8,2025-01-19,57,2,5
bd1f2d72-9bb9-4b71-8aca-13d3abc23fb8,2025-01-19,57,28,20
c8a63395-fa78-4001-87ad-74ee099afa06,2024-08-07,57,10,6
c8a63395-fa78-4001-87ad-74ee099afa06,2024-08-07,57,5,16
c8a63395-fa78-4001-87ad-74ee099afa06,2024-08-07,57,49,11
c8a63395-fa78-4001-87ad-74ee099afa06,2024-08-07,57,34,11
583e7d4a-1f98-4fce-9974-0c41df21b34c,2024-03-16,58,9,15
583e7d4a-1f98-4fce-9974-0c41df21b34c,2024-03-16,58,34,11
583e7d4a-1f98-4fce-9974-0c41df21b34c,2024-03-16,58,3,17
583e7d4a-1f98-4fce-9974-0c41df21b34c,2024-03-16,58,20,3
36681add-b5a9-47b6-929f-3a53c7538dfd,2024-05-20,58,34,11
36681add-b5a9-47b6-929f-3a53c7538dfd,2024-05-20,58,42,10
36681add-b5a9-47b6-929f-3a53c7538dfd,2024-05-20,58,20,7
36681add-b5a9-47b6-929f-3a53c7538dfd,2024-05-20,58,6,10
6d9769a5-e1e2-471e-950e-2278faec7da5,2024-06-10,58,12,17
6d9769a5-e1e2-471e-950e-2278faec7da5,2024-06-10,58,21,10
6d9769a5-e1e2-471e-950e-2278faec7da5,2024-06-10,58,5,6
29d92896-35b3-496d-98ae-82aa6efc9355,2024-09-22,59,4,3
29d92896-35b3-496d-98ae-82aa6efc9355,2024-09-22,59,37,16
966dd803-b055-4de7-b1b6-b2daa954dadf,2024-03-14,59,27,13
966dd803-b055-4de7-b1b6-b2daa954dadf,2024-03-14,59,41,16
966dd803-b055-4de7-b1b6-b2daa954dadf,2024-03-14,59,49,8
966dd803-b055-4de7-b1b6-b2daa954dadf,2024-03-14,59,26,13
5a898718-fa7e-4922-b8dc-7fc21b2ea99e,2024-04-04,59,18,5
5a898718-fa7e-4922-b8dc-7fc21b2ea99e,2024-04-04,59,36,5
5a898718-fa7e-4922-b8dc-7fc21b2ea99e,2024-04-04,59,27,16
5a898718-fa7e-4922-b8dc-7fc21b2ea99e,2024-04-04,59,44,11
c0607a47-f3fb-475e-ad8f-ff6266720052,2024-06-23,59,10,3
347da45b-384c-4d25-a188-dbeb58c1096f,2024-09-20,59,22,3
347da45b-384c-4d25-a188-dbeb58c1096f,2024-09-20,59,28,4
347da45b-384c-4d25-a188-dbeb58c1096f,2024-09-20,59,13,14
bb9e262d-0f66-497a-b169-992255800178,2024-07-06,59,16,11
bb9e262d-0f66-497a-b169-992255800178,2024-07-06,59,30,18
bb9e262d-0f66-497a-b169-992255800178,2024-07-06,59,32,9
bb9e262d-0f66-497a-b169-992255800178,2024-07-06,59,2,9
bb9e262d-0f66-497a-b169-992255800178,2024-07-06,59,46,16
3f5db918-42bd-4ebb-ac28-b68f09891931,2024-05-09,59,47,7
2e5f0ae1-39cd-4376-aada-6b4d02ee2599,2024-12-27,59,34,9
2e5f0ae1-39cd-4376-aada-6b4d02ee2599,2024-12-27,59,18,17
d70d6632-f649-4d40-8023-102bb6a9f9a0,2024-09-10,60,20,18
d70d6632-f649-4d40-8023-102bb6a9f9a0,2024-09-10,60,18,13
d70d6632-f649-4d40-8023-102bb6a9f9a0,2024-09-10,60,50,18
d70d6632-f649-4d40-8023-102bb6a9f9a0,2024-09-10,60,42,3
25a5264b-47cd-41e3-8e94-2d5c14d240b0,2024-11-08,60,9,6
25a5264b-47cd-41e3-8e94-2d5c14d240b0,2024-11-08,60,32,18
25a5264b-47cd-41e3-8e94-2d5c14d240b0,2024-11-08,60,44,13
25a5264b-47cd-41e3-8e94-2d5c14d240b0,2024-11-08,60,28,9
25a5264b-47cd-41e3-8e94-2d5c14d240b0,2024-11-08,60,34,9
c2db187c-db9f-45fd-a371-c11874baec08,2024-09-02,60,22,16
c2db187c-db9f-45fd-a371-c11874baec08,2024-09-02,60,45,3
c2db187c-db9f-45fd-a371-c11874baec08,2024-09-02,60,18,2
c2db187c-db9f-45fd-a371-c11874baec08,2024-09-02,60,44,15
c2db187c-db9f-45fd-a371-c11874baec08,2024-09-02,60,24,14
6cec5a3d-ebbc-4d27-af57-c799910abcec,2024-07-17,60,8,2
6cec5a3d-ebbc-4d27-af57-c799910abcec,2024-07-17,60,22,18
17df5044-4f90-497a-85be-b1505245c522,2024-03-25,60,45,9
17df5044-4f90-497a-85be-b1505245c522,2024-03-25,60,23,3
a54c3191-c45e-4c5d-8a51-3cfbbf4fc48d,2024-04-14,60,41,15
a54c3191-c45e-4c5d-8a51-3cfbbf4fc48d,2024-04-14,60,13,12
a54c3191-c45e-4c5d-8a51-3cfbbf4fc48d,2024-04-14,60,49,9
a54c3191-c45e-4c5d-8a51-3cfbbf4fc48d,2024-04-14,60,50,13
a54c3191-c45e-4c5d-8a51-3cfbbf4fc48d,2024-04-14,60,10,20
acf2c2f1-29d9-4868-8f92-08cf43b01a6b,2024-07-05,60,11,19
acf2c2f1-29d9-4868-8f92-08cf43b01a6b,2024-07-05,60,20,3
4ed38150-c79b-411e-9ae2-c42f9cce06ba,2025-01-14,60,30,18
4ed38150-c79b-411e-9ae2-c42f9cce06ba,2025-01-14,60,25,4
4ed38150-c79b-411e-9ae2-c42f9cce06ba,2025-01-14,60,5,2
4ed38150-c79b-411e-9ae2-c42f9cce06ba,2025-01-14,60,15,17
894c9dff-74e5-40f5-bb26-d460a1033c63,2024-08-23,60,14,19
894c9dff-74e5-40f5-bb26-d460a1033c63,2024-08-23,60,18,7
1e82afdc-508f-4a28-a8ec-1f46b69b059f,2024-12-02,60,12,20
c01e4c91-91ba-4ce4-ab38-8e185575ce94,2024-07-03,61,26,6
6bd7f2ea-205d-4498-9cd4-571336eccbbe,2024-06-28,61,5,17
6bd7f2ea-205d-4498-9cd4-571336eccbbe,2024-06-28,61,21,16
6bd7f2ea-205d-4498-9cd4-571336eccbbe,2024-06-28,61,27,2
6bd7f2ea-205d-4498-9cd4-571336eccbbe,2024-06-28,61,27,11
321b981b-5a77-4f6a-8393-d3d52e43af8b,2024-04-30,61,21,20
321b981b-5a77-4f6a-8393-d3d52e43af8b,2024-04-30,61,3,17
321b981b-5a77-4f6a-8393-d3d52e43af8b,2024-04-30,61,15,20
80ae81f1-76b1-4e42-9e8f-97f2e1ffc690,2025-01-04,61,48,4
80ae81f1-76b1-4e42-9e8f-97f2e1ffc690,2025-01-04,61,44,9
80ae81f1-76b1-4e42-9e8f-97f2e1ffc690,2025-01-04,61,4,7
80ae81f1-76b1-4e42-9e8f-97f2e1ffc690,2025-01-04,61,41,19
b4d172ef-3b26-42af-a77d-cdec983cf7a1,2024-09-04,61,49,5
9c67b48e-35b1-493b-a1f6-7801d312d71a,2024-04-11,61,20,6
9c67b48e-35b1-493b-a1f6-7801d312d71a,2024-04-11,61,31,3
9c67b48e-35b1-493b-a1f6-7801d312d71a,2024-04-11,61,22,16
9c67b48e-35b1-493b-a1f6-7801d312d71a,2024-04-11,61,15,5
9c67b48e-35b1-493b-a1f6-7801d312d71a,2024-04-11,61,29,14
fdb20abe-8e47-4173-9b68-a1d77fecc11d,2024-03-23,61,16,11
8537d97e-3860-4a77-a771-485550d1ca37,2024-02-12,61,37,13
8537d97e-3860-4a77-a771-485550d1ca37,2024-02-12,61,16,4
8537d97e-3860-4a77-a771-485550d1ca37,2024-02-12,61,31,13
8537d97e-3860-4a77-a771-485550d1ca37,2024-02-12,61,9,9
8537d97e-3860-4a77-a771-485550d1ca37,2024-02-12,61,37,12
5483fe75-7eaa-4318-bd16-264d569d85a3,2024-05-17,61,38,13
5483fe75-7eaa-4318-bd16-264d569d85a3,2024-05-17,61,10,9
5483fe75-7eaa-4318-bd16-264d569d85a3,2024-05-17,61,43,2
5483fe75-7eaa-4318-bd16-264d569d85a3,2024-05-17,61,10,12
5483fe75-7eaa-4318-bd16-264d569d85a3,2024-05-17,61,29,9
809add6e-28cd-4b77-8dab-4746a588eafa,2024-09-02,61,24,10
809add6e-28cd-4b77-8dab-4746a588eafa,2024-09-02,61,39,8
48c7ed98-1ba8-440d-a327-d53d2f954285,2024-03-30,62,10,2
48c7ed98-1ba8-440d-a327-d53d2f954285,2024-03-30,62,10,6
3fb51f74-0369-4b17-a024-3d3546d01083,2024-11-13,62,4,18
3fb51f74-0369-4b17-a024-3d3546d01083,2024-11-13,62,50,19
3fb51f74-0369-4b17-a024-3d3546d01083,2024-11-13,62,25,9
3fb51f74-0369-4b17-a024-3d3546d01083,2024-11-13,62,37,17
44483592-9602-4a21-89f7-b7c3d25b67f2,2024-06-21,62,41,16
a5b4e5b8-d7bf-49b7-ad94-6bd73e1891a0,2024-12-31,62,9,5
a5b4e5b8-d7bf-49b7-ad94-6bd73e1891a0,2024-12-31,62,38,11
a5b4e5b8-d7bf-49b7-ad94-6bd73e1891a0,2024-12-31,62,23,3
a5b4e5b8-d7bf-49b7-ad94-6bd73e1891a0,2024-12-31,62,39,12
a5b4e5b8-d7bf-49b7-ad94-6bd73e1891a0,2024-12-31,62,34,8
e7887e32-d570-40cb-a323-7b98bdb0e41a,2024-07-02,62,20,11
e7887e32-d570-40cb-a323-7b98bdb0e41a,2024-07-02,62,14,6
e7887e32-d570-40cb-a323-7b98bdb0e41a,2024-07-02,62,50,14
e7887e32-d570-40cb-a323-7b98bdb0e41a,2024-07-02,62,46,18
1e088596-7521-4290-b105-95f6f358db09,2025-01-26,62,12,11
1e088596-7521-4290-b105-95f6f358db09,2025-01-26,62,48,17
1e088596-7521-4290-b105-95f6f358db09,2025-01-26,62,35,11
1e088596-7521-4290-b105-95f6f358db09,2025-01-26,62,28,2
a7fb3142-59f3-45ba-ab4a-44f3185b066e,2024-07-27,62,35,18
a7fb3142-59f3-45ba-ab4a-44f3185b066e,2024-07-27,62,40,14
a7fb3142-59f3-45ba-ab4a-44f3185b066e,2024-07-27,62,39,4
a7fb3142-59f3-45ba-ab4a-44f3185b066e,2024-07-27,62,8,10
64e00260-c2b4-4ada-a05b-7471eb17124f,2025-01-24,62,29,10
64e00260-c2b4-4ada-a05b-7471eb17124f,2025-01-24,62,25,16
64e00260-c2b4-4ada-a05b-7471eb17124f,2025-01-24,62,15,19
64e00260-c2b4-4ada-a05b-7471eb17124f,2025-01-24,62,44,6
64e00260-c2b4-4ada-a05b-7471eb17124f,2025-01-24,62,30,18
f61feb51-e6eb-4c47-b370-744ead02e300,2024-06-06,62,12,15
f61feb51-e6eb-4c47-b370-744ead02e300,2024-06-06,62,7,12
f61feb51-e6eb-4c47-b370-744ead02e300,2024-06-06,62,15,2
3f8918d6-8481-4b39-b28e-e20e87ab92b6,2024-11-25,62,4,11
3f8918d6-8481-4b39-b28e-e20e87ab92b6,2024-11-25,62,42,6
3f8918d6-8481-4b39-b28e-e20e87ab92b6,2024-11-25,62,45,15
5304f8ed-174f-42a0-ae85-6e8fc8053a93,2024-05-17,63,21,12
5304f8ed-174f-42a0-ae85-6e8fc8053a93,2024-05-17,63,45,16
5304f8ed-174f-42a0-ae85-6e8fc8053a93,2024-05-17,63,39,5
5304f8ed-174f-42a0-ae85-6e8fc8053a93,2024-05-17,63,40,1
d799c5a5-38ee-4ac2-930d-b636dadb7d2a,2024-10-02,63,20,16
d799c5a5-38ee-4ac2-930d-b636dadb7d2a,2024-10-02,63,42,2
d799c5a5-38ee-4ac2-930d-b636dadb7d2a,2024-10-02,63,38,11
d799c5a5-38ee-4ac2-930d-b636dadb7d2a,2024-10-02,63,33,7
d799c5a5-38ee-4ac2-930d-b636dadb7d2a,2024-10-02,63,45,20
d3ce010a-23fa-4d2f-9e4a-8949b2a7754b,2025-01-07,63,40,9
d3ce010a-23fa-4d2f-9e4a-8949b2a7754b,2025-01-07,63,28,16
f4dccd75-cb9f-4a85-bc29-9940cc923568,2024-03-23,64,44,19
4d23155b-ce6b-4f5d-844f-63638893bef8,2024-12-17,64,48,14
4d23155b-ce6b-4f5d-844f-63638893bef8,2024-12-17,64,3,4
4d23155b-ce6b-4f5d-844f-63638893bef8,2024-12-17,64,5,19
4d23155b-ce6b-4f5d-844f-63638893bef8,2024-12-17,64,11,2
4d23155b-ce6b-4f5d-844f-63638893bef8,2024-12-17,64,41,6
26049e2a-5b35-4e9e-a929-405db5451a17,2024-05-25,65,40,20
26049e2a-5b35-4e9e-a929-405db5451a17,2024-05-25,65,43,18
26049e2a-5b35-4e9e-a929-405db5451a17,2024-05-25,65,10,19
443daf1d-80b8-4bf2-97ec-8ada5d789844,2024-08-14,65,39,19
443daf1d-80b8-4bf2-97ec-8ada5d789844,2024-08-14,65,8,2
823e5c94-baa5-4d0a-b149-f777cf50af43,2024-07-06,65,9,18
e3a40f44-e1aa-493b-96d1-f8de8e6163ec,2024-04-06,65,39,20
e3a40f44-e1aa-493b-96d1-f8de8e6163ec,2024-04-06,65,12,14
e3a40f44-e1aa-493b-96d1-f8de8e6163ec,2024-04-06,65,4,7
e3a40f44-e1aa-493b-96d1-f8de8e6163ec,2024-04-06,65,2,7
e3a40f44-e1aa-493b-96d1-f8de8e6163ec,2024-04-06,65,2,11
9261bee5-9f31-45b5-9272-1c5191681665,2024-03-08,65,6,19
9261bee5-9f31-45b5-9272-1c5191681665,2024-03-08,65,40,1
9261bee5-9f31-45b5-9272-1c5191681665,2024-03-08,65,9,3
3b54ad22-8a34-4782-92d8-e545c5c313cb,2024-12-24,65,31,7
a3546645-69cd-48cb-a1ee-984832b47ad4,2024-12-28,66,2,2
11b4d5f6-b074-49f0-a21e-431c08a78456,2024-04-28,66,12,2
11b4d5f6-b074-49f0-a21e-431c08a78456,2024-04-28,66,32,17
11b4d5f6-b074-49f0-a21e-431c08a78456,2024-04-28,66,17,3
11b4d5f6-b074-49f0-a21e-431c08a78456,2024-04-28,66,38,16
9d72138b-0be9-4048-96b6-6a1a9fc8462d,2024-09-21,66,30,19
9d72138b-0be9-4048-96b6-6a1a9fc8462d,2024-09-21,66,10,12
9d72138b-0be9-4048-96b6-6a1a9fc8462d,2024-09-21,66,7,13
9d72138b-0be9-4048-96b6-6a1a9fc8462d,2024-09-21,66,17,4
9d72138b-0be9-4048-96b6-6a1a9fc8462d,2024-09-21,66,33,18
168c66e2-0d8b-46bc-8fc0-a6e0b04d667f,2024-04-03,67,40,12
168c66e2-0d8b-46bc-8fc0-a6e0b04d667f,2024-04-03,67,4,12
168c66e2-0d8b-46bc-8fc0-a6e0b04d667f,2024-04-03,67,17,6
168c66e2-0d8b-46bc-8fc0-a6e0b04d667f,2024-04-03,67,13,6
b5fdb829-6064-4691-b17f-a4d293ad74be,2024-06-03,67,20,9
ecce81ba-7dc0-4a14-85d4-b59f5d8bc64f,2024-02-20,67,46,12
662cee4d-ee8f-40ee-bf74-828a760dfc7e,2025-01-25,68,44,10
662cee4d-ee8f-40ee-bf74-828a760dfc7e,2025-01-25,68,40,18
662cee4d-ee8f-40ee-bf74-828a760dfc7e,2025-01-25,68,30,1
662cee4d-ee8f-40ee-bf74-828a760dfc7e,2025-01-25,68,5,7
fa21f922-0ad0-4b36-8f64-7c4553168a75,2024-04-05,68,41,10
e49de6cc-9ece-41e6-9241-448397d2211d,2024-10-12,68,3,17
e49de6cc-9ece-41e6-9241-448397d2211d,2024-10-12,68,17,12
e49de6cc-9ece-41e6-9241-448397d2211d,2024-10-12,68,4,7
e49de6cc-9ece-41e6-9241-448397d2211d,2024-10-12,68,16,9
e49de6cc-9ece-41e6-9241-448397d2211d,2024-10-12,68,7,13
db7d00f9-6d33-43b2-8093-4c5d01ddb7a0,2024-06-01,69,12,14
d6aabe17-8063-4090-9041-8107ca5c2ced,2024-11-11,69,49,17
d6aabe17-8063-4090-9041-8107ca5c2ced,2024-11-11,69,29,15
d2972c3d-038f-4579-a4ea-2bbf9616725f,2024-05-09,69,4,14
d2972c3d-038f-4579-a4ea-2bbf9616725f,2024-05-09,69,30,20
2ef3fa1b-7cdb-4dd7-9c21-24f1ccf19aff,2024-09-15,69,2,12
60c93fac-2607-4a42-8939-a2802d63e800,2024-05-27,69,33,11
60c93fac-2607-4a42-8939-a2802d63e800,2024-05-27,69,7,17
60c93fac-2607-4a42-8939-a2802d63e800,2024-05-27,69,21,1
60c93fac-2607-4a42-8939-a2802d63e800,2024-05-27,69,49,7
60c93fac-2607-4a42-8939-a2802d63e800,2024-05-27,69,34,3
fe3073f9-6fec-43ad-9e4a-1e988ba52b86,2024-09-07,69,17,6
fe3073f9-6fec-43ad-9e4a-1e988ba52b86,2024-09-07,69,28,6
fe3073f9-6fec-43ad-9e4a-1e988ba52b86,2024-09-07,69,15,15
fe3073f9-6fec-43ad-9e4a-1e988ba52b86,2024-09-07,69,3,16
fe3073f9-6fec-43ad-9e4a-1e988ba52b86,2024-09-07,69,20,9
14b80592-f582-49c2-90fc-61115bacc672,2024-10-30,69,35,18
14b80592-f582-49c2-90fc-61115bacc672,2024-10-30,69,49,16
14b80592-f582-49c2-90fc-61115bacc672,2024-10-30,69,50,2
7203dc4f-361d-4563-b7ed-393c76dfdddb,2024-05-23,69,11,11
8fb93fa2-cb45-481b-a372-c23ce1d808bb,2024-05-19,70,28,4
09ed60ce-6420-4436-9392-d90f400f2e11,2024-03-06,70,2,18
09ed60ce-6420-4436-9392-d90f400f2e11,2024-03-06,70,34,15
09ed60ce-6420-4436-9392-d90f400f2e11,2024-03-06,70,9,5
d997acfa-35b4-4712-b2bb-8d28c32a2c7b,2024-02-18,70,27,20
d997acfa-35b4-4712-b2bb-8d28c32a2c7b,2024-02-18,70,33,8
d997acfa-35b4-4712-b2bb-8d28c32a2c7b,2024-02-18,70,41,9
d997acfa-35b4-4712-b2bb-8d28c32a2c7b,2024-02-18,70,30,17
43719c5b-4b5b-4785-82c9-0c0af350998c,2024-05-15,70,26,19
43719c5b-4b5b-4785-82c9-0c0af350998c,2024-05-15,70,36,16
43719c5b-4b5b-4785-82c9-0c0af350998c,2024-05-15,70,10,1
43719c5b-4b5b-4785-82c9-0c0af350998c,2024-05-15,70,15,19
43162836-0428-48e4-8ae3-8140ae7b389d,2024-10-08,71,49,8
43162836-0428-48e4-8ae3-8140ae7b389d,2024-10-08,71,39,18
43162836-0428-48e4-8ae3-8140ae7b389d,2024-10-08,71,35,11
43162836-0428-48e4-8ae3-8140ae7b389d,2024-10-08,71,19,13
f547fcd8-0a54-424c-a286-6d1d06442599,2024-06-30,71,11,4
f547fcd8-0a54-424c-a286-6d1d06442599,2024-06-30,71,43,8
f547fcd8-0a54-424c-a286-6d1d06442599,2024-06-30,71,3,9
f547fcd8-0a54-424c-a286-6d1d06442599,2024-06-30,71,26,2
f547fcd8-0a54-424c-a286-6d1d06442599,2024-06-30,71,17,6
bc38afe1-bfba-4df6-9993-9bb690b5e2a6,2024-02-14,71,8,10
bc38afe1-bfba-4df6-9993-9bb690b5e2a6,2024-02-14,71,30,12
bc38afe1-bfba-4df6-9993-9bb690b5e2a6,2024-02-14,71,35,18
7e7d3159-3e3a-41b9-9cdb-fd48e1b2829f,2024-09-05,71,33,10
7e7d3159-3e3a-41b9-9cdb-fd48e1b2829f,2024-09-05,71,8,6
7e7d3159-3e3a-41b9-9cdb-fd48e1b2829f,2024-09-05,71,49,19
8d71a5d8-7d16-4e1a-8bfa-0358f474a3c3,2024-04-01,71,46,16
8d71a5d8-7d16-4e1a-8bfa-0358f474a3c3,2024-04-01,71,3,20
8d71a5d8-7d16-4e1a-8bfa-0358f474a3c3,2024-04-01,71,23,8
2e4c7e08-8d07-49dc-a50d-53a33711542f,2024-10-15,71,26,6
2e4c7e08-8d07-49dc-a50d-53a33711542f,2024-10-15,71,46,1
2e4c7e08-8d07-49dc-a50d-53a33711542f,2024-10-15,71,7,17
2e4c7e08-8d07-49dc-a50d-53a33711542f,2024-10-15,71,36,5
2e4c7e08-8d07-49dc-a50d-53a33711542f,2024-10-15,71,4,13
69468eeb-0635-49ee-a809-3ae95c48fbe5,2024-09-28,71,29,2
cf5e0687-7f7e-484f-815f-5821fe18bf09,2024-01-29,71,17,13
cf5e0687-7f7e-484f-815f-5821fe18bf09,2024-01-29,71,15,16
cf5e0687-7f7e-484f-815f-5821fe18bf09,2024-01-29,71,7,16
cf5e0687-7f7e-484f-815f-5821fe18bf09,2024-01-29,71,2,16
cf5e0687-7f7e-484f-815f-5821fe18bf09,2024-01-29,71,38,16
8cb9349e-0dc2-46e6-b3e1-5992df7e4b31,2024-11-21,71,5,11
8cb9349e-0dc2-46e6-b3e1-5992df7e4b31,2024-11-21,71,1,9
8cb9349e-0dc2-46e6-b3e1-5992df7e4b31,2024-11-21,71,4,11
5159e283-4d41-4051-a144-ef73c59091f7,2024-11-08,71,13,15
5159e283-4d41-4051-a144-ef73c59091f7,2024-11-08,71,10,12
5159e283-4d41-4051-a144-ef73c59091f7,2024-11-08,71,7,18
5159e283-4d41-4051-a144-ef73c59091f7,2024-11-08,71,34,14
023b4a85-05a5-4efc-b5d9-b60abcd29970,2024-09-29,72,18,6
023b4a85-05a5-4efc-b5d9-b60abcd29970,2024-09-29,72,17,4
023b4a85-05a5-4efc-b5d9-b60abcd29970,2024-09-29,72,4,16
023b4a85-05a5-4efc-b5d9-b60abcd29970,2024-09-29,72,2,9
eb96a37e-2d36-4d20-8d8c-6c9b47e31420,2024-04-22,72,5,6
eb96a37e-2d36-4d20-8d8c-6c9b47e31420,2024-04-22,72,49,12
eb96a37e-2d36-4d20-8d8c-6c9b47e31420,2024-04-22,72,3,19
eb96a37e-2d36-4d20-8d8c-6c9b47e31420,2024-04-22,72,33,4
b9ddc0fb-3a44-4743-995e-ba5f7f403f75,2024-04-09,72,5,8
b9ddc0fb-3a44-4743-995e-ba5f7f403f75,2024-04-09,72,9,13
b9ddc0fb-3a44-4743-995e-ba5f7f403f75,2024-04-09,72,18,1
b9ddc0fb-3a44-4743-995e-ba5f7f403f75,2024-04-09,72,36,11
b9ddc0fb-3a44-4743-995e-ba5f7f403f75,2024-04-09,72,11,16
8c30bc24-d37a-493b-abe9-4d60897d245e,2025-01-18,72,32,14
8c30bc24-d37a-493b-abe9-4d60897d245e,2025-01-18,72,47,18
8c30bc24-d37a-493b-abe9-4d60897d245e,2025-01-18,72,20,7
8c30bc24-d37a-493b-abe9-4d60897d245e,2025-01-18,72,24,6
00e71b77-07b0-455c-92e4-f9db45109a92,2024-11-20,72,44,12
8126d09d-91fc-45b9-b92a-24f1a52eddae,2025-01-04,72,10,5
98f8ada8-dc46-4dc9-8f74-51badcb84413,2024-07-21,72,16,15
98f8ada8-dc46-4dc9-8f74-51badcb84413,2024-07-21,72,45,10
f1e293dd-0d71-4134-b80f-5f27ba8deffb,2024-04-13,72,40,11
f1e293dd-0d71-4134-b80f-5f27ba8deffb,2024-04-13,72,47,19
f1e293dd-0d71-4134-b80f-5f27ba8deffb,2024-04-13,72,19,9
f1e293dd-0d71-4134-b80f-5f27ba8deffb,2024-04-13,72,9,9
f1e293dd-0d71-4134-b80f-5f27ba8deffb,2024-04-13,72,47,18
6223f076-b12a-40bc-9481-e8f009f575bc,2024-08-13,72,39,17
d1846a3e-8fba-445f-8e9e-3b268316b74f,2024-04-12,73,50,1
d1846a3e-8fba-445f-8e9e-3b268316b74f,2024-04-12,73,50,4
d1846a3e-8fba-445f-8e9e-3b268316b74f,2024-04-12,73,47,1
d1846a3e-8fba-445f-8e9e-3b268316b74f,2024-04-12,73,30,15
888ff5af-5a7f-49bd-88f2-ec8564dc67e6,2024-11-13,73,15,2
888ff5af-5a7f-49bd-88f2-ec8564dc67e6,2024-11-13,73,43,7
bf0d3633-1ce9-4ca1-a194-025eb79db2b8,2024-05-23,73,9,17
bf0d3633-1ce9-4ca1-a194-025eb79db2b8,2024-05-23,73,29,1
bf0d3633-1ce9-4ca1-a194-025eb79db2b8,2024-05-23,73,11,15
bf0d3633-1ce9-4ca1-a194-025eb79db2b8,2024-05-23,73,17,7
8c05d410-6652-4c45-adf3-73323eb79ae5,2025-01-04,73,1,8
8c05d410-6652-4c45-adf3-73323eb79ae5,2025-01-04,73,32,6
8c05d410-6652-4c45-adf3-73323eb79ae5,2025-01-04,73,48,2
8c05d410-6652-4c45-adf3-73323eb79ae5,2025-01-04,73,15,9
8c05d410-6652-4c45-adf3-73323eb79ae5,2025-01-04,73,18,18
5ed159df-2ed9-4b5b-a76f-769f82b343f6,2024-03-11,73,28,5
d9cd2002-24a7-473d-94d1-bed065ec6b4f,2024-03-01,73,4,20
d9cd2002-24a7-473d-94d1-bed065ec6b4f,2024-03-01,73,30,4
d9cd2002-24a7-473d-94d1-bed065ec6b4f,2024-03-01,73,11,3
3e04d5a5-3950-4bfe-b711-631f5a8f55dd,2024-11-30,73,26,7
3e04d5a5-3950-4bfe-b711-631f5a8f55dd,2024-11-30,73,4,13
3e04d5a5-3950-4bfe-b711-631f5a8f55dd,2024-11-30,73,20,3
12d219b8-dfbc-4c49-b3d1-b804ab53a58d,2024-11-18,73,13,8
539d579f-2a84-4f4c-9740-1592e5116c10,2024-02-20,73,5,9
539d579f-2a84-4f4c-9740-1592e5116c10,2024-02-20,73,3,10
539d579f-2a84-4f4c-9740-1592e5116c10,2024-02-20,73,43,3
539d579f-2a84-4f4c-9740-1592e5116c10,2024-02-20,73,3,16
c9656987-6bd1-4020-aba6-723ddb9e7ae3,2024-04-17,73,9,16
c9656987-6bd1-4020-aba6-723ddb9e7ae3,2024-04-17,73,32,10
c9656987-6bd1-4020-aba6-723ddb9e7ae3,2024-04-17,73,40,16
c9656987-6bd1-4020-aba6-723ddb9e7ae3,2024-04-17,73,25,16
f77a0dfe-5cf6-43a8-9d9c-66ee57137195,2024-02-11,74,29,15
f77a0dfe-5cf6-43a8-9d9c-66ee57137195,2024-02-11,74,3,3
f77a0dfe-5cf6-43a8-9d9c-66ee57137195,2024-02-11,74,2,19
f77a0dfe-5cf6-43a8-9d9c-66ee57137195,2024-02-11,74,30,18
f77a0dfe-5cf6-43a8-9d9c-66ee57137195,2024-02-11,74,28,4
52b40aa7-de73-4421-9fce-0db9dbb7140f,2024-07-11,74,43,20
52b40aa7-de73-4421-9fce-0db9dbb7140f,2024-07-11,74,38,16
52b40aa7-de73-4421-9fce-0db9dbb7140f,2024-07-11,74,45,5
52b40aa7-de73-4421-9fce-0db9dbb7140f,2024-07-11,74,36,17
5f7e0b63-ff41-4f94-adc6-9a0ba59a6660,2024-06-03,74,23,12
0c2ce458-6390-4090-9af8-a6fdd5caa167,2024-12-16,74,43,2
0c2ce458-6390-4090-9af8-a6fdd5caa167,2024-12-16,74,21,8
0c2ce458-6390-4090-9af8-a6fdd5caa167,2024-12-16,74,32,11
b1809ab1-e34b-4937-841f-7d6154c544bb,2024-12-22,75,20,20
b1809ab1-e34b-4937-841f-7d6154c544bb,2024-12-22,75,40,7
b1809ab1-e34b-4937-841f-7d6154c544bb,2024-12-22,75,46,1
b1809ab1-e34b-4937-841f-7d6154c544bb,2024-12-22,75,35,20
ef6924a3-a2f0-475b-a942-aee647a3c5d5,2024-04-04,75,40,8
ef6924a3-a2f0-475b-a942-aee647a3c5d5,2024-04-04,75,24,16
ef6924a3-a2f0-475b-a942-aee647a3c5d5,2024-04-04,75,12,17
0e9146fc-29ed-4278-b795-0db63200ba03,2024-07-12,75,47,4
0e9146fc-29ed-4278-b795-0db63200ba03,2024-07-12,75,14,17
0e9146fc-29ed-4278-b795-0db63200ba03,2024-07-12,75,13,2
2dd63067-ce25-4942-b2a3-8c8daf8d388d,2024-06-25,75,29,17
2dd63067-ce25-4942-b2a3-8c8daf8d388d,2024-06-25,75,35,8
d7c73af5-dfed-4b3e-8d2d-bd96cf1b9051,2024-12-31,75,43,10
d7c73af5-dfed-4b3e-8d2d-bd96cf1b9051,2024-12-31,75,17,19
a3cbd380-4472-489b-bfe2-3b23a625fcdc,2024-06-06,75,12,8
4b8740fd-a2de-420a-a391-569adbb561fa,2024-09-20,76,16,10
4b8740fd-a2de-420a-a391-569adbb561fa,2024-09-20,76,25,13
b7e536a3-02ca-49fc-a6fa-6db9cc82dac0,2025-01-27,76,46,13
c60a278d-a351-479f-a664-386d7559b6b2,2024-06-20,76,2,5
b0ba9229-4d7a-4df1-87db-3acb21eebd42,2024-03-17,76,44,12
b0ba9229-4d7a-4df1-87db-3acb21eebd42,2024-03-17,76,46,18
552e6a40-c103-4d57-bb65-201d879b286d,2024-04-09,76,9,16
552e6a40-c103-4d57-bb65-201d879b286d,2024-04-09,76,29,3
552e6a40-c103-4d57-bb65-201d879b286d,2024-04-09,76,45,14
552e6a40-c103-4d57-bb65-201d879b286d,2024-04-09,76,41,16
552e6a40-c103-4d57-bb65-201d879b286d,2024-04-09,76,30,13
90d4e253-3d3c-41b3-bcb5-54bc7c1213c9,2024-04-20,76,27,20
118678c6-f014-40a3-88a0-ed0e63ce5c8f,2024-12-22,76,16,15
118678c6-f014-40a3-88a0-ed0e63ce5c8f,2024-12-22,76,1,7
118678c6-f014-40a3-88a0-ed0e63ce5c8f,2024-12-22,76,28,9
c669f86c-737b-4bd3-8bb8-247659238485,2024-05-17,76,31,6
c669f86c-737b-4bd3-8bb8-247659238485,2024-05-17,76,6,5
c669f86c-737b-4bd3-8bb8-247659238485,2024-05-17,76,12,3
c669f86c-737b-4bd3-8bb8-247659238485,2024-05-17,76,17,8
c669f86c-737b-4bd3-8bb8-247659238485,2024-05-17,76,43,4
efbf1563-04d8-47d1-a512-1cdc7489fa7c,2025-01-18,77,15,18
efbf1563-04d8-47d1-a512-1cdc7489fa7c,2025-01-18,77,47,12
efbf1563-04d8-47d1-a512-1cdc7489fa7c,2025-01-18,77,24,19
efbf1563-04d8-47d1-a512-1cdc7489fa7c,2025-01-18,77,16,20
efbf1563-04d8-47d1-a512-1cdc7489fa7c,2025-01-18,77,9,20
999409c2-3eef-4d45-99f0-61a9250e8132,2025-01-10,77,44,13
999409c2-3eef-4d45-99f0-61a9250e8132,2025-01-10,77,21,5
720f7363-3c1c-4312-a300-36d3dc7d74cf,2024-05-29,77,37,20
720f7363-3c1c-4312-a300-36d3dc7d74cf,2024-05-29,77,6,20
720f7363-3c1c-4312-a300-36d3dc7d74cf,2024-05-29,77,26,7
27b83c46-f27b-4c34-b0d8-2d4fe66e825b,2024-07-12,77,40,18
11d13f26-4648-4ec5-a985-56b557c5dfe8,2024-07-02,77,31,5
11d13f26-4648-4ec5-a985-56b557c5dfe8,2024-07-02,77,4,16
11d13f26-4648-4ec5-a985-56b557c5dfe8,2024-07-02,77,28,2
11d13f26-4648-4ec5-a985-56b557c5dfe8,2024-07-02,77,21,14
11d13f26-4648-4ec5-a985-56b557c5dfe8,2024-07-02,77,10,9
4adc5972-4f47-40e4-9c7c-4c7ccbb21768,2024-11-01,77,39,5
4adc5972-4f47-40e4-9c7c-4c7ccbb21768,2024-11-01,77,38,16
4adc5972-4f47-40e4-9c7c-4c7ccbb21768,2024-11-01,77,7,20
4adc5972-4f47-40e4-9c7c-4c7ccbb21768,2024-11-01,77,5,4
499238e1-d438-4db1-b25f-042e161df211,2024-07-15,77,8,4
499238e1-d438-4db1-b25f-042e161df211,2024-07-15,77,24,9
499238e1-d438-4db1-b25f-042e161df211,2024-07-15,77,41,11
499238e1-d438-4db1-b25f-042e161df211,2024-07-15,77,14,20
499238e1-d438-4db1-b25f-042e161df211,2024-07-15,77,5,20
1af98892-7b1d-4e07-b21f-3e2b1bc2ea23,2024-09-05,78,8,17
1af98892-7b1d-4e07-b21f-3e2b1bc2ea23,2024-09-05,78,16,6
1af98892-7b1d-4e07-b21f-3e2b1bc2ea23,2024-09-05,78,17,2
1af98892-7b1d-4e07-b21f-3e2b1bc2ea23,2024-09-05,78,49,10
5541d1f8-20b4-4332-a0a8-6c680815018a,2024-08-11,79,31,11
5541d1f8-20b4-4332-a0a8-6c680815018a,2024-08-11,79,14,18
bd1f98cb-39d6-4dbe-bd64-0038f2133655,2024-09-11,80,5,9
bd1f98cb-39d6-4dbe-bd64-0038f2133655,2024-09-11,80,6,18
bd1f98cb-39d6-4dbe-bd64-0038f2133655,2024-09-11,80,34,17
bd1f98cb-39d6-4dbe-bd64-0038f2133655,2024-09-11,80,9,20
d2f071fe-d251-48e4-808a-7578069c1886,2024-11-20,80,30,10
d2f071fe-d251-48e4-808a-7578069c1886,2024-11-20,80,24,6
d2f071fe-d251-48e4-808a-7578069c1886,2024-11-20,80,1,12
d2f071fe-d251-48e4-808a-7578069c1886,2024-11-20,80,4,8
d2f071fe-d251-48e4-808a-7578069c1886,2024-11-20,80,34,19
d7a3f7e9-9547-4c51-b4a8-7f21d6727068,2024-11-22,80,44,19
d7a3f7e9-9547-4c51-b4a8-7f21d6727068,2024-11-22,80,19,13
d7a3f7e9-9547-4c51-b4a8-7f21d6727068,2024-11-22,80,39,15
d7a3f7e9-9547-4c51-b4a8-7f21d6727068,2024-11-22,80,8,7
d7a3f7e9-9547-4c51-b4a8-7f21d6727068,2024-11-22,80,26,11
1a266065-62c8-43ec-933a-96effa9867bb,2024-11-17,81,41,2
1a266065-62c8-43ec-933a-96effa9867bb,2024-11-17,81,38,15
1a266065-62c8-43ec-933a-96effa9867bb,2024-11-17,81,3,17
882d59a0-c781-4854-b170-546c1b28435b,2024-10-14,81,27,16
882d59a0-c781-4854-b170-546c1b28435b,2024-10-14,81,25,12
882d59a0-c781-4854-b170-546c1b28435b,2024-10-14,81,25,16
882d59a0-c781-4854-b170-546c1b28435b,2024-10-14,81,46,13
4b5b2d9f-1af4-49dd-aa3c-e401eaee2c1e,2024-11-28,81,2,2
4b5b2d9f-1af4-49dd-aa3c-e401eaee2c1e,2024-11-28,81,21,16
4b5b2d9f-1af4-49dd-aa3c-e401eaee2c1e,2024-11-28,81,30,2
4b5b2d9f-1af4-49dd-aa3c-e401eaee2c1e,2024-11-28,81,42,5
bf67af7c-0b76-4aed-b47a-0d7b5e7618b0,2024-07-19,81,19,13
bf67af7c-0b76-4aed-b47a-0d7b5e7618b0,2024-07-19,81,39,3
bf67af7c-0b76-4aed-b47a-0d7b5e7618b0,2024-07-19,81,47,15
e6db78f1-6c2a-4650-879a-013bb5d1021e,2024-12-22,81,17,6
42f19b15-a40a-4af9-bbef-a0d7ff0e576f,2024-02-29,81,43,11
42f19b15-a40a-4af9-bbef-a0d7ff0e576f,2024-02-29,81,18,1
557ad3b4-1af3-4ace-b14d-d225fa69f8dd,2024-05-05,81,41,16
557ad3b4-1af3-4ace-b14d-d225fa69f8dd,2024-05-05,81,45,6
352e3be5-f8aa-4c19-b479-5100be71cb7d,2024-08-19,82,12,3
352e3be5-f8aa-4c19-b479-5100be71cb7d,2024-08-19,82,42,18
a5396229-44b8-4159-80d5-11bd7dacef76,2024-11-28,82,49,11
a5396229-44b8-4159-80d5-11bd7dacef76,2024-11-28,82,14,16
a5396229-44b8-4159-80d5-11bd7dacef76,2024-11-28,82,14,6
a5396229-44b8-4159-80d5-11bd7dacef76,2024-11-28,82,36,1
b66e1f95-ab0f-4bca-8521-c1d72da96d1b,2024-10-04,82,32,11
9fa43054-ef74-424f-b18d-f1e82f3fca84,2024-05-27,82,28,16
9fa43054-ef74-424f-b18d-f1e82f3fca84,2024-05-27,82,26,8
d993b027-0f75-458e-92c5-d6debd720e79,2024-08-22,82,48,2
394e1945-bb7b-47bb-b832-38cb0f9bf485,2024-04-02,82,23,16
394e1945-bb7b-47bb-b832-38cb0f9bf485,2024-04-02,82,32,14
394e1945-bb7b-47bb-b832-38cb0f9bf485,2024-04-02,82,17,14
394e1945-bb7b-47bb-b832-38cb0f9bf485,2024-04-02,82,38,16
534bae1b-4192-4be9-930e-533d79c9cc18,2025-01-23,82,36,2
534bae1b-4192-4be9-930e-533d79c9cc18,2025-01-23,82,48,18
b037aeeb-895f-4421-83ed-a42bf2353f62,2024-07-03,82,16,6
b037aeeb-895f-4421-83ed-a42bf2353f62,2024-07-03,82,31,8
b037aeeb-895f-4421-83ed-a42bf2353f62,2024-07-03,82,32,15
b037aeeb-895f-4421-83ed-a42bf2353f62,2024-07-03,82,15,10
8f7fd523-950c-4efa-bd6e-fe5ff0707db7,2024-08-25,82,22,4
8f7fd523-950c-4efa-bd6e-fe5ff0707db7,2024-08-25,82,30,16
8f7fd523-950c-4efa-bd6e-fe5ff0707db7,2024-08-25,82,23,16
8f7fd523-950c-4efa-bd6e-fe5ff0707db7,2024-08-25,82,20,18
d541ab70-5869-46dd-b0aa-d90d2f84a2a6,2024-02-04,82,1,3
d541ab70-5869-46dd-b0aa-d90d2f84a2a6,2024-02-04,82,29,17
d541ab70-5869-46dd-b0aa-d90d2f84a2a6,2024-02-04,82,24,13
8ee03417-33c4-4cd8-8e1f-6679096310be,2024-07-10,83,11,12
8ee03417-33c4-4cd8-8e1f-6679096310be,2024-07-10,83,38,8
8ee03417-33c4-4cd8-8e1f-6679096310be,2024-07-10,83,40,6
05504a56-89e1-4fda-b896-62566f4bca57,2024-10-30,83,23,18
69c4074e-51f1-4028-a9fd-6c77a00a4210,2024-02-19,83,48,1
69c4074e-51f1-4028-a9fd-6c77a00a4210,2024-02-19,83,7,6
69c4074e-51f1-4028-a9fd-6c77a00a4210,2024-02-19,83,32,11
69c4074e-51f1-4028-a9fd-6c77a00a4210,2024-02-19,83,39,19
69c4074e-51f1-4028-a9fd-6c77a00a4210,2024-02-19,83,16,17
fb5f58d1-cbc7-4b2e-b28f-a3304853ef2a,2024-05-26,83,9,12
fb5f58d1-cbc7-4b2e-b28f-a3304853ef2a,2024-05-26,83,30,14
fb5f58d1-cbc7-4b2e-b28f-a3304853ef2a,2024-05-26,83,32,17
fb5f58d1-cbc7-4b2e-b28f-a3304853ef2a,2024-05-26,83,30,4
fb5f58d1-cbc7-4b2e-b28f-a3304853ef2a,2024-05-26,83,32,17
fcca05a5-8536-4cda-80f1-8e896c0507e9,2024-05-06,83,44,19
fcca05a5-8536-4cda-80f1-8e896c0507e9,2024-05-06,83,5,17
fcca05a5-8536-4cda-80f1-8e896c0507e9,2024-05-06,83,11,17
dc2ef9c7-b388-42f9-b42f-818d9db0cd14,2024-12-28,83,4,5
dc2ef9c7-b388-42f9-b42f-818d9db0cd14,2024-12-28,83,24,10
dc2ef9c7-b388-42f9-b42f-818d9db0cd14,2024-12-28,83,42,9
dc2ef9c7-b388-42f9-b42f-818d9db0cd14,2024-12-28,83,31,12
9b06d66f-0de6-4544-9839-8506b65aedf5,2024-02-24,83,27,7
f945fa9c-0b7e-4f98-8fdf-dac508666947,2024-10-15,83,27,10
f945fa9c-0b7e-4f98-8fdf-dac508666947,2024-10-15,83,19,12
f945fa9c-0b7e-4f98-8fdf-dac508666947,2024-10-15,83,29,17
c69cad7c-710d-41db-a9d5-de0ab418a8de,2024-09-29,83,28,19
c69cad7c-710d-41db-a9d5-de0ab418a8de,2024-09-29,83,25,14
c69cad7c-710d-41db-a9d5-de0ab418a8de,2024-09-29,83,28,7
c28988de-55be-49b4-a7bd-f20092b0dae9,2024-05-26,84,14,15
36057a97-b1de-4f2a-a878-315fe2eabaa2,2024-05-21,84,19,12
36057a97-b1de-4f2a-a878-315fe2eabaa2,2024-05-21,84,40,4
36057a97-b1de-4f2a-a878-315fe2eabaa2,2024-05-21,84,6,7
4ce5c2fa-354d-448e-a4a7-239109dbd128,2024-08-22,84,22,16
4ce5c2fa-354d-448e-a4a7-239109dbd128,2024-08-22,84,50,8
4ce5c2fa-354d-448e-a4a7-239109dbd128,2024-08-22,84,33,13
5a0c73ba-b93e-4d0c-8b75-4666067827a1,2024-06-22,84,7,18
92840258-6d77-4415-b769-e88418fa6f58,2024-08-29,84,31,4
92840258-6d77-4415-b769-e88418fa6f58,2024-08-29,84,14,2
ea91f612-5823-4e15-8fdd-49cbd2ce32d9,2024-11-08,84,4,14
ea91f612-5823-4e15-8fdd-49cbd2ce32d9,2024-11-08,84,14,4
ea91f612-5823-4e15-8fdd-49cbd2ce32d9,2024-11-08,84,47,2
ea91f612-5823-4e15-8fdd-49cbd2ce32d9,2024-11-08,84,48,1
ea91f612-5823-4e15-8fdd-49cbd2ce32d9,2024-11-08,84,3,2
6e440b54-0d63-4422-bb55-538769d3db95,2024-05-07,84,38,1
6e440b54-0d63-4422-bb55-538769d3db95,2024-05-07,84,11,19
6e440b54-0d63-4422-bb55-538769d3db95,2024-05-07,84,42,19
6e440b54-0d63-4422-bb55-538769d3db95,2024-05-07,84,10,15
80fdc150-4cd9-47c3-81eb-3b354956fcb8,2024-02-07,84,42,4
80fdc150-4cd9-47c3-81eb-3b354956fcb8,2024-02-07,84,27,11
365c3016-913e-49b3-ae24-efa924c80aa2,2024-03-11,84,19,4
365c3016-913e-49b3-ae24-efa924c80aa2,2024-03-11,84,15,4
365c3016-913e-49b3-ae24-efa924c80aa2,2024-03-11,84,15,12
365c3016-913e-49b3-ae24-efa924c80aa2,2024-03-11,84,2,9
365c3016-913e-49b3-ae24-efa924c80aa2,2024-03-11,84,7,18
aed1bf3a-ace6-49d3-a289-bb5917d77fdd,2024-06-27,85,3,4
aed1bf3a-ace6-49d3-a289-bb5917d77fdd,2024-06-27,85,9,14
aed1bf3a-ace6-49d3-a289-bb5917d77fdd,2024-06-27,85,11,8
f0c416f3-85e1-4261-aa0a-797b98a82249,2025-01-20,85,18,8
cb030a9f-39f1-4671-8acf-5d72b2095e72,2024-08-23,85,26,11
cb030a9f-39f1-4671-8acf-5d72b2095e72,2024-08-23,85,20,9
cb030a9f-39f1-4671-8acf-5d72b2095e72,2024-08-23,85,38,1
cb030a9f-39f1-4671-8acf-5d72b2095e72,2024-08-23,85,34,13
cb030a9f-39f1-4671-8acf-5d72b2095e72,2024-08-23,85,15,5
e83b3a40-f7a0-41c2-8e93-560721e93510,2024-12-21,85,44,9
e83b3a40-f7a0-41c2-8e93-560721e93510,2024-12-21,85,9,7
e83b3a40-f7a0-41c2-8e93-560721e93510,2024-12-21,85,37,6
e83b3a40-f7a0-41c2-8e93-560721e93510,2024-12-21,85,40,14
bc206dfe-a7ea-49d8-ac86-2955f22f1a0c,2024-05-23,85,27,6
bc206dfe-a7ea-49d8-ac86-2955f22f1a0c,2024-05-23,85,45,4
bc206dfe-a7ea-49d8-ac86-2955f22f1a0c,2024-05-23,85,15,4
cb188835-1390-476f-bbec-5ec17b1c5bb5,2024-04-10,85,26,11
cb188835-1390-476f-bbec-5ec17b1c5bb5,2024-04-10,85,31,10
f155810d-3e15-4d81-8938-633b2c3610b7,2024-09-09,85,15,19
f155810d-3e15-4d81-8938-633b2c3610b7,2024-09-09,85,16,4
f155810d-3e15-4d81-8938-633b2c3610b7,2024-09-09,85,27,7
f155810d-3e15-4d81-8938-633b2c3610b7,2024-09-09,85,46,5
26333ae8-fbae-4452-b4a8-8c45f7bcce4e,2024-06-27,85,25,3
338b344f-6f4a-41a3-ac48-fb14e5974c9d,2024-10-30,86,50,8
338b344f-6f4a-41a3-ac48-fb14e5974c9d,2024-10-30,86,2,7
338b344f-6f4a-41a3-ac48-fb14e5974c9d,2024-10-30,86,28,18
338b344f-6f4a-41a3-ac48-fb14e5974c9d,2024-10-30,86,4,9
0e00ed99-b9c1-4b7d-a014-a4f1361ce437,2024-05-12,86,8,11
6ddee87d-5603-443c-86a2-26504dabfd25,2024-02-28,87,42,9
6ddee87d-5603-443c-86a2-26504dabfd25,2024-02-28,87,4,14
92c9a24f-8550-4c49-a8ef-002dd07ba24e,2024-02-08,87,45,3
92c9a24f-8550-4c49-a8ef-002dd07ba24e,2024-02-08,87,2,16
92c9a24f-8550-4c49-a8ef-002dd07ba24e,2024-02-08,87,24,14
92c9a24f-8550-4c49-a8ef-002dd07ba24e,2024-02-08,87,33,13
d2d3243b-c1f0-457e-b79b-7965b5dafed5,2024-07-13,87,21,2
cb97bd31-b093-4910-840c-b79ddccc5aeb,2024-07-09,88,41,20
77ef0f48-44ea-434a-895e-fe6ce28be1ea,2024-01-28,89,16,1
77ef0f48-44ea-434a-895e-fe6ce28be1ea,2024-01-28,89,6,6
77ef0f48-44ea-434a-895e-fe6ce28be1ea,2024-01-28,89,16,2
77ef0f48-44ea-434a-895e-fe6ce28be1ea,2024-01-28,89,7,15
314c8635-e23e-4d3a-a0b7-b2de99e52fd2,2024-08-16,89,27,15
314c8635-e23e-4d3a-a0b7-b2de99e52fd2,2024-08-16,89,9,12
314c8635-e23e-4d3a-a0b7-b2de99e52fd2,2024-08-16,89,38,1
314c8635-e23e-4d3a-a0b7-b2de99e52fd2,2024-08-16,89,16,4
314c8635-e23e-4d3a-a0b7-b2de99e52fd2,2024-08-16,89,50,12
e8184b78-72f9-4828-8e21-d190f6296735,2024-03-21,89,19,11
7ad31796-3d46-4e25-90e4-17f528b6dc4f,2024-05-18,89,16,2
d8e6711c-70a0-470b-beed-d887f8bd0c1a,2024-04-25,89,34,7
d8e6711c-70a0-470b-beed-d887f8bd0c1a,2024-04-25,89,40,13
d8e6711c-70a0-470b-beed-d887f8bd0c1a,2024-04-25,89,28,19
d8e6711c-70a0-470b-beed-d887f8bd0c1a,2024-04-25,89,44,9
d8e6711c-70a0-470b-beed-d887f8bd0c1a,2024-04-25,89,24,20
8e93b9e6-b2b3-46a1-8d6a-3e8e30d1e061,2024-05-27,90,11,13
8e93b9e6-b2b3-46a1-8d6a-3e8e30d1e061,2024-05-27,90,8,3
8e93b9e6-b2b3-46a1-8d6a-3e8e30d1e061,2024-05-27,90,39,5
8e93b9e6-b2b3-46a1-8d6a-3e8e30d1e061,2024-05-27,90,9,11
ca934143-a32e-4d20-a4b1-311b680d5f69,2024-05-13,91,17,17
ca934143-a32e-4d20-a4b1-311b680d5f69,2024-05-13,91,41,6
ca934143-a32e-4d20-a4b1-311b680d5f69,2024-05-13,91,42,12
c08a402e-718e-4b11-919f-faa6f2e06d78,2024-09-12,91,47,4
1964f446-839b-478a-b474-b67ba60ef2a6,2025-01-15,92,34,17
1964f446-839b-478a-b474-b67ba60ef2a6,2025-01-15,92,24,6
1964f446-839b-478a-b474-b67ba60ef2a6,2025-01-15,92,39,6
1964f446-839b-478a-b474-b67ba60ef2a6,2025-01-15,92,15,13
c32484dc-c9be-4bcf-960b-9be4a6710372,2024-07-16,93,42,2
c32484dc-c9be-4bcf-960b-9be4a6710372,2024-07-16,93,34,20
c32484dc-c9be-4bcf-960b-9be4a6710372,2024-07-16,93,2,6
886a311e-a7e5-43c3-bb7c-014f88d55e11,2024-05-11,93,6,14
886a311e-a7e5-43c3-bb7c-014f88d55e11,2024-05-11,93,14,3
886a311e-a7e5-43c3-bb7c-014f88d55e11,2024-05-11,93,3,15
886a311e-a7e5-43c3-bb7c-014f88d55e11,2024-05-11,93,9,11
886a311e-a7e5-43c3-bb7c-014f88d55e11,2024-05-11,93,17,9
d1539741-4dc2-4a4d-bb2a-b30e6883d4c7,2024-11-11,93,25,10
d1539741-4dc2-4a4d-bb2a-b30e6883d4c7,2024-11-11,93,46,20
f881b0b1-e32e-4e90-bfd2-c873a7b1e453,2024-10-27,93,26,9
f881b0b1-e32e-4e90-bfd2-c873a7b1e453,2024-10-27,93,5,18
f881b0b1-e32e-4e90-bfd2-c873a7b1e453,2024-10-27,93,12,20
f881b0b1-e32e-4e90-bfd2-c873a7b1e453,2024-10-27,93,26,14
a84912c4-d704-4435-83c7-c54602df3d47,2024-05-18,93,5,9
a84912c4-d704-4435-83c7-c54602df3d47,2024-05-18,93,22,20
a84912c4-d704-4435-83c7-c54602df3d47,2024-05-18,93,13,18
a84912c4-d704-4435-83c7-c54602df3d47,2024-05-18,93,1,4
a84912c4-d704-4435-83c7-c54602df3d47,2024-05-18,93,20,17
1e90546f-675b-42b0-9b58-24b698df79c5,2024-10-05,93,11,8
1e90546f-675b-42b0-9b58-24b698df79c5,2024-10-05,93,20,2
1e90546f-675b-42b0-9b58-24b698df79c5,2024-10-05,93,42,12
a79e90c4-6710-4a30-83ef-a3a8a954a544,2025-01-08,93,11,16
a79e90c4-6710-4a30-83ef-a3a8a954a544,2025-01-08,93,19,9
a79e90c4-6710-4a30-83ef-a3a8a954a544,2025-01-08,93,30,20
e46e29a1-1ff6-4af9-a9e6-000ad522e173,2024-12-08,93,20,14
e46e29a1-1ff6-4af9-a9e6-000ad522e173,2024-12-08,93,44,5
e46e29a1-1ff6-4af9-a9e6-000ad522e173,2024-12-08,93,27,5
e46e29a1-1ff6-4af9-a9e6-000ad522e173,2024-12-08,93,6,5
e46e29a1-1ff6-4af9-a9e6-000ad522e173,2024-12-08,93,50,3
d76f2d40-d7ee-4927-a007-d76cf426c2b7,2024-08-08,94,12,14
d76f2d40-d7ee-4927-a007-d76cf426c2b7,2024-08-08,94,10,14
e36a3c1a-72bd-4096-8038-5e8614fc86bc,2024-09-26,95,18,13
e92fa450-d735-4796-bba0-612d729c4e48,2024-09-23,96,34,14
a2cd98b3-3973-4a1e-8503-5b62f5f8b3f7,2024-04-01,96,14,18
a2cd98b3-3973-4a1e-8503-5b62f5f8b3f7,2024-04-01,96,33,16
a2cd98b3-3973-4a1e-8503-5b62f5f8b3f7,2024-04-01,96,6,18
a2cd98b3-3973-4a1e-8503-5b62f5f8b3f7,2024-04-01,96,16,11
e65dc0fe-aab9-4e64-8d63-dd3b28fef6b1,2024-10-22,96,44,6
e65dc0fe-aab9-4e64-8d63-dd3b28fef6b1,2024-10-22,96,18,17
e65dc0fe-aab9-4e64-8d63-dd3b28fef6b1,2024-10-22,96,42,19
e65dc0fe-aab9-4e64-8d63-dd3b28fef6b1,2024-10-22,96,7,6
e65dc0fe-aab9-4e64-8d63-dd3b28fef6b1,2024-10-22,96,24,19
89953176-e7c5-43a5-befd-907dd438aedc,2025-01-14,96,42,6
5fe28bee-4c4f-472e-a429-59ac1746fda0,2024-08-01,96,18,2
5fe28bee-4c4f-472e-a429-59ac1746fda0,2024-08-01,96,42,13
5fe28bee-4c4f-472e-a429-59ac1746fda0,2024-08-01,96,42,4
5fe28bee-4c4f-472e-a429-59ac1746fda0,2024-08-01,96,35,14
7dedef66-47ea-4d1a-b15f-8b8071f6a733,2024-08-28,96,50,10
7dedef66-47ea-4d1a-b15f-8b8071f6a733,2024-08-28,96,17,12
7dedef66-47ea-4d1a-b15f-8b8071f6a733,2024-08-28,96,24,10
75fd9682-f922-4598-abc0-a2cc0fb0063f,2024-11-20,96,21,13
75fd9682-f922-4598-abc0-a2cc0fb0063f,2024-11-20,96,15,17
e53260e8-441b-48b8-a3cb-73c437844169,2024-07-27,96,1,7
e53260e8-441b-48b8-a3cb-73c437844169,2024-07-27,96,36,20
e53260e8-441b-48b8-a3cb-73c437844169,2024-07-27,96,49,3
e53260e8-441b-48b8-a3cb-73c437844169,2024-07-27,96,23,17
e53260e8-441b-48b8-a3cb-73c437844169,2024-07-27,96,15,19
d335708b-57d5-4b38-ac5c-d039e9307250,2024-12-15,97,35,4
d335708b-57d5-4b38-ac5c-d039e9307250,2024-12-15,97,14,9
d335708b-57d5-4b38-ac5c-d039e9307250,2024-12-15,97,36,2
d335708b-57d5-4b38-ac5c-d039e9307250,2024-12-15,97,1,15
0a147653-2cdc-44bf-9ec5-938b6cde62aa,2024-03-01,97,44,18
0a147653-2cdc-44bf-9ec5-938b6cde62aa,2024-03-01,97,9,19
e1be2a5d-cbfd-4da1-9506-d1df02eeeebf,2024-03-09,97,4,19
e1be2a5d-cbfd-4da1-9506-d1df02eeeebf,2024-03-09,97,49,12
e1be2a5d-cbfd-4da1-9506-d1df02eeeebf,2024-03-09,97,42,9
e1be2a5d-cbfd-4da1-9506-d1df02eeeebf,2024-03-09,97,39,13
ef71ce37-6cb8-427b-8038-5ec067764c0b,2024-10-15,97,14,7
72b6ba17-e42a-4d77-8120-23359c21598f,2024-08-25,98,6,16
1369eb9a-bd5a-4c06-a49b-ce93d022dd76,2024-06-29,98,1,6
16ea65e8-4c4d-41a4-b0a4-8acdd81fa3f4,2024-12-08,98,19,8
16ea65e8-4c4d-41a4-b0a4-8acdd81fa3f4,2024-12-08,98,6,7
16ea65e8-4c4d-41a4-b0a4-8acdd81fa3f4,2024-12-08,98,37,12
16ea65e8-4c4d-41a4-b0a4-8acdd81fa3f4,2024-12-08,98,47,8
16ea65e8-4c4d-41a4-b0a4-8acdd81fa3f4,2024-12-08,98,46,17
3503b795-2f41-4ad7-be64-bdbfd07657fc,2024-11-19,98,29,5
3503b795-2f41-4ad7-be64-bdbfd07657fc,2024-11-19,98,16,11
9361ba1b-c2cf-4159-87ba-bae41d1c736a,2024-03-18,98,32,1
567a451b-9a8c-458d-a329-212ed30a2234,2024-12-01,98,49,12
a1db79be-a977-4aa2-8bee-9a5b3edd106b,2024-10-30,99,8,14
a1db79be-a977-4aa2-8bee-9a5b3edd106b,2024-10-30,99,8,6
a1db79be-a977-4aa2-8bee-9a5b3edd106b,2024-10-30,99,22,2
a1db79be-a977-4aa2-8bee-9a5b3edd106b,2024-10-30,99,10,3
a1db79be-a977-4aa2-8bee-9a5b3edd106b,2024-10-30,99,30,15
c73e7841-5d17-4a83-892b-4ddeca1da4fe,2024-07-31,100,31,20
904a4475-4c6f-420d-ae36-b0afb8e65c3d,2024-11-26,100,24,20
904a4475-4c6f-420d-ae36-b0afb8e65c3d,2024-11-26,100,50,11
e08562ed-8369-4027-ae5b-c2a42d6b5521,2024-02-01,100,7,19
e08562ed-8369-4027-ae5b-c2a42d6b5521,2024-02-01,100,13,18
eb91e332-5b7f-488f-ba22-1bfa078b96fb,2024-11-18,100,33,11
eb91e332-5b7f-488f-ba22-1bfa078b96fb,2024-11-18,100,19,7
eb91e332-5b7f-488f-ba22-1bfa078b96fb,2024-11-18,100,4,15
eb91e332-5b7f-488f-ba22-1bfa078b96fb,2024-11-18,100,14,8
2200269f-fecd-4f48-9bb6-75f88bc58046,2024-05-04,100,42,5
2200269f-fecd-4f48-9bb6-75f88bc58046,2024-05-04,100,35,3
2200269f-fecd-4f48-9bb6-75f88bc58046,2024-05-04,100,30,3
2200269f-fecd-4f48-9bb6-75f88bc58046,2024-05-04,100,45,12
2200269f-fecd-4f48-9bb6-75f88bc58046,2024-05-04,100,43,3
fb865e1f-a2e0-4c49-a1a7-098c003bf747,2024-05-24,100,37,13
fb865e1f-a2e0-4c49-a1a7-098c003bf747,2024-05-24,100,44,19
fb865e1f-a2e0-4c49-a1a7-098c003bf747,2024-05-24,100,34,5
3d211359-38c2-4528-8161-c708f7015bd5,2025-01-10,100,1,2
949cf41f-c7c0-4aea-8dca-1c64805e1edf,2024-06-15,100,2,18
949cf41f-c7c0-4aea-8dca-1c64805e1edf,2024-06-15,100,5,6
949cf41f-c7c0-4aea-8dca-1c64805e1edf,2024-06-15,100,19,11